domain,role,head,n_frames,kappa,macro_f1,weighted_f1,accuracy
CR,purple,task,423090,0.1959809790448344,0.31211166400748547,0.7042312735269411,0.7301212507977026
CR,purple,social,392484,-0.006713975925002119,0.11942661631721878,0.16450206871104003,0.244583218678978
CR,yellow,task,0,nan,nan,nan,nan
CR,yellow,social,0,nan,nan,nan,nan
