domain,head,n_frames,kappa,macro_f1,weighted_f1,accuracy
CC,task,215692,0.16390863357442015,0.3493316317514154,0.48810059387846494,0.49083415240249983
CC,social,184616,0.22132879590093618,0.2960975135025916,0.47691641843414123,0.42989773367422107
