group,n_frames,ccc,mae,rmse,pearson
overall,977884,0.9034995589404484,0.055567664897023854,0.07529157690189733,0.9081115940539356
