group,head,n_frames,kappa,macro_f1,weighted_f1,accuracy
overall,task,3955,0.17423095561778715,0.28344354171553443,0.6672125417609831,0.5691529709228824
overall,social,11212,0.04765852195346152,0.1582430064399935,0.5056754485931794,0.42311808776311094
