domain,role,head,n_frames,kappa,macro_f1,weighted_f1,accuracy
CC,purple,task,1986,0.004504065383379114,0.1219239487299377,0.35164465772354936,0.23363544813695872
CC,purple,social,7937,0.07213518268019863,0.14402471174426074,0.48140254831999735,0.3726848935366007
CC,yellow,task,1969,0.7140479249287827,0.42877358490566037,0.9290164211951921,0.9075672930421533
CC,yellow,social,3275,0.08324528883608294,0.1610419802436534,0.506113404448404,0.5453435114503816
