{
  "raw_baseline": {
    "mode": "baseline",
    "param": "none",
    "head": "mean",
    "n_frames": 65346,
    "kappa": 0.2838412461110044,
    "macro_f1": 0.409021626897449,
    "weighted_f1": 0.6837467380451515,
    "accuracy": 0.6763229577938971,
    "n_sequences": 5,
    "n_transitions": 65341,
    "true_flips": 25,
    "pred_flips": 2749,
    "true_flip_rate": 0.00038260816332777274,
    "pred_flip_rate": 0.04207159363952189
  },
  "best_hmm": {
    "mode": "hmm_uniform_start",
    "param": "mix=1;strength=14;alpha=1",
    "head": "mean",
    "n_frames": 65346,
    "kappa": 0.42824446809225286,
    "macro_f1": 0.4441288883522214,
    "weighted_f1": 0.7561449950693787,
    "accuracy": 0.7743549719952254,
    "n_sequences": 5,
    "n_transitions": 65341,
    "true_flips": 25,
    "pred_flips": 31,
    "true_flip_rate": 0.00038260816332777274,
    "pred_flip_rate": 0.00047443412252643825
  },
  "selection_metric": "mean kappa over active heads",
  "val_hmm_results": "val_hmm_results.csv"
}