dataset,n_frames,ccc,mae,rmse,pearson
noxi,577136,0.8445433740968259,0.059705913887919855,0.07760392823319706,0.8468315646028677
