domain,role,head,n_frames,kappa,macro_f1,weighted_f1,accuracy
CC,purple,task,23624,0.24905042692902762,0.34478796635314374,0.5200943415901396,0.4887825939722316
CC,purple,social,16114,0.1681595961436858,0.25318998818176536,0.6324725883419924,0.5503909643788011
CC,yellow,task,26059,0.20251983413240418,0.31664677222261883,0.5376362389577914,0.48098545608043286
CC,yellow,social,19959,0.10265496114915022,0.22470147762021092,0.5538045445475975,0.4456135076907661
