group,head,n_frames,kappa,macro_f1,weighted_f1,accuracy
overall,task,49683,0.22856471606519718,0.33640204553009656,0.5335002105551716,0.48469295332407464
overall,social,36073,0.13064325589458373,0.236882787246111,0.5862435240146633,0.49241815208050344
