group,head,n_frames,kappa,macro_f1,weighted_f1,accuracy
overall,task,423090,0.33742817014274173,0.5198977929552049,0.6282515513330981,0.5793542745042426
overall,social,392484,0.5784032587354584,0.5048019876239588,0.8128351775801351,0.7755526339927232
