domain,mode,param,head,n_frames,accuracy,kappa,n_sequences,n_transitions,true_flips,pred_flips,true_flip_rate,pred_flip_rate,flip_rate_ratio,excess_flips,heldout_session
CR,two_head_raw,none,task,6132,0.6110567514677103,0.3114691860660551,1,6131,4,270,0.0006524221171097701,0.04403849290490948,67.5,266,026
CR,two_head_raw,none,social,345,0.2753623188405797,0.0,1,344,0,14,0.0,0.040697674418604654,inf,14,026
CR,two_head_hmm,mix=1;strength=8;alpha=1,task,6132,0.6906392694063926,0.4330470983469256,1,6131,4,13,0.0006524221171097701,0.0021203718806067527,3.25,9,026
CR,two_head_hmm,mix=1;strength=8;alpha=1,social,345,0.2927536231884058,0.0,1,344,0,1,0.0,0.0029069767441860465,inf,1,026
CR,two_head_hmm,mix=1;strength=8;alpha=1,mean,6477,0.4916964462973992,0.2165235491734628,2,6475,4,14,0.0006177606177606178,0.002162162162162162,3.5,10,
CR,two_head_raw,none,mean,6477,0.443209535154145,0.15573459303302756,2,6475,4,284,0.0006177606177606178,0.04386100386100386,71.0,280,
