domain,role,head,n_frames,kappa,macro_f1,weighted_f1,accuracy
CC,purple,task,15177,0.7379546141940015,0.4294545227140232,0.9701265343705306,0.9544046913092179
CC,purple,social,4925,0.7186725029784958,0.36447153144427863,0.8729436322498287,0.8395939086294416
CC,yellow,task,10677,0.48980037412690886,0.45989782866494816,0.9072980050058079,0.8304767256720053
CC,yellow,social,4772,0.8002845742614629,0.47317828753872365,0.8924663163065726,0.8906119027661358
