domain,head,n_frames,kappa,macro_f1,weighted_f1,accuracy
CC,task,25854,0.5969235419822411,0.4469140715437162,0.9469241754093849,0.9032258064516129
CC,social,9697,0.7579354492451086,0.4330373270454242,0.8817374121516142,0.8647004228111788
