domain,role,head,n_frames,kappa,macro_f1,weighted_f1,accuracy
CC,purple,task,29627,0.36200578861309723,0.4496902489345701,0.6453196073521882,0.6956492388699497
CC,purple,social,33297,0.28243917733456186,0.3165851352344934,0.6119682764346767,0.6066312280385621
CC,yellow,task,40836,0.5461025081928418,0.49756547252603056,0.6925890271288401,0.7075374669409344
CC,yellow,social,33679,0.3715609287736918,0.3806630087109658,0.717162656236633,0.7169155853796134
