domain,head,n_frames,kappa,macro_f1,weighted_f1,accuracy
CC,task,70463,0.5237522381718712,0.47213536278551826,0.6718412817815902,0.7025389211359153
CC,social,66976,0.3264267180791121,0.3397720405471313,0.6638324742509513,0.6620879120879121
