{
  "mode": "metadata_router",
  "domain": "CR",
  "features": [
    "visual_videomae",
    "audio_w2vbert2",
    "text_xlm_roberta"
  ],
  "metadata_features": [
    "bias",
    "age_z",
    "gender_1",
    "gender_2",
    "gender_unknown"
  ],
  "metadata_path": "/work/ACM/mltac-main/ACM/MoE/moe_data/outputs/participant_metadata.csv",
  "fit_split": "train",
  "optimistic_upper_bound": false,
  "metadata_stats": {
    "age_mean": 6.833333333333333,
    "age_std": 0.8975274678557508
  },
  "metadata_router_epochs": 80,
  "metadata_router_lr": 0.05,
  "metadata_router_weight_decay": 0.0001,
  "metadata_router_max_rows": 200000,
  "fit_loss_by_head": {
    "task": 0.7271648049354553,
    "social": 0.6737130284309387
  },
  "fit_mean_weights_by_head": {
    "task": [
      0.3476460576057434,
      0.39739784598350525,
      0.2551226317882538
    ],
    "social": [
      0.5281961560249329,
      0.1531141847372055,
      0.3176230788230896
    ]
  },
  "val_mean_weights_by_head": {
    "task": [
      0.3080250918865204,
      0.3130796253681183,
      0.37889528274536133
    ],
    "social": [
      0.2073981910943985,
      0.11692262440919876,
      0.6756793856620789
    ]
  },
  "coefficients_by_head": {
    "task": [
      [
        0.14135341346263885,
        0.31515514850616455,
        -0.37640753388404846
      ],
      [
        -0.729255735874176,
        -0.5831061005592346,
        0.9454114437103271
      ],
      [
        0.25419625639915466,
        0.3912239670753479,
        -0.501809298992157
      ],
      [
        -0.0509302131831646,
        -0.34121090173721313,
        0.28968942165374756
      ],
      [
        0.0,
        0.0,
        0.0
      ]
    ],
    "social": [
      [
        1.1762546300888062,
        0.27420416474342346,
        -1.0858333110809326
      ],
      [
        -2.690643787384033,
        -4.147568225860596,
        5.12470006942749
      ],
      [
        1.9348230361938477,
        0.6661547422409058,
        -2.659919500350952
      ],
      [
        -0.5305050015449524,
        -0.35100457072257996,
        0.8664695024490356
      ],
      [
        0.0,
        0.0,
        0.0
      ]
    ]
  },
  "val_mean_kappa": 0.11666476403969356,
  "n_train_rows": 768286,
  "n_val_rows": 82641
}