group,n_frames,ccc,mae,rmse,pearson
overall,577152,0.8187761884917131,0.06404512084310131,0.08452150155760099,0.819918299677928
