dataset,n_frames,ccc,mae,rmse,pearson
noxij,400750,0.6388269819775743,0.0585508758158258,0.08257201227679661,0.6530978323051119
