group,n_frames,ccc,mae,rmse,pearson
overall,977884,0.9145522635514473,0.056265554014304206,0.07439548747871046,0.9145566879699162
