domain,mode,param,head,n_frames,accuracy,kappa,n_sequences,n_transitions,true_flips,pred_flips,true_flip_rate,pred_flip_rate,flip_rate_ratio,excess_flips,heldout_session
CC,two_head_raw,none,task,3955,0.6111251580278129,0.1835060651902242,2,3953,4,69,0.0010118897040222615,0.01745509739438401,17.25,65,005
CC,two_head_raw,none,social,11212,0.3487334998216197,0.0667997683904167,2,11210,6,257,0.0005352363960749331,0.022925958965209634,42.833333333333336,251,005
CC,two_head_hmm,mix=1;strength=8;alpha=1,task,3955,0.5934260429835652,0.16182392693221406,2,3953,4,5,0.0010118897040222615,0.0012648621300278269,1.25,1,005
CC,two_head_hmm,mix=1;strength=8;alpha=1,social,11212,0.330984659293614,0.03484771539467093,2,11210,6,6,0.0005352363960749331,0.0005352363960749331,1.0,0,005
CC,two_head_hmm,mix=1;strength=8;alpha=1,mean,15167,0.46220535113858957,0.0983358211634425,4,15163,10,11,0.0006595000989250148,0.0007254501088175163,1.1,1,
CC,two_head_raw,none,mean,15167,0.4799293289247163,0.12515291679032045,4,15163,10,326,0.0006595000989250148,0.021499703224955483,32.6,316,
