role,head,n_frames,kappa,macro_f1,weighted_f1,accuracy
purple,task,876193,0.2641139373217291,0.44722631245668626,0.5508130663579159,0.5298570063901447
purple,social,848380,0.34111739873411195,0.44716916139632845,0.5458986841502111,0.5242509252929112
yellow,task,872852,0.26752341313018535,0.4324907714515793,0.5286180624392636,0.505998726015407
yellow,social,852394,0.3860599556212654,0.47480221646719994,0.5674407194294078,0.5537861599213509
