group,head,n_frames,kappa,macro_f1,weighted_f1,accuracy
overall,task,1749045,0.2666369474349105,0.44167912971983786,0.5396387180387098,0.5179506530706757
overall,social,1700774,0.3637288527356036,0.45989182970642106,0.5574186430683866,0.5390533956892568
