dataset,n_frames,ccc,mae,rmse,pearson
noxi,1925009,0.9023588053752964,0.05004042548857967,0.06449556622037567,0.9093062385679546
