domain,mode,param,head,n_frames,accuracy,kappa,n_sequences,n_transitions,true_flips,pred_flips,true_flip_rate,pred_flip_rate,flip_rate_ratio,excess_flips,heldout_session
CC,two_head_raw,none,task,20932,0.6112172749856679,0.37950235266195603,2,20930,28,476,0.0013377926421404682,0.02274247491638796,17.0,448,046
CC,two_head_raw,none,social,22008,0.4591966557615413,0.24737459039883006,2,22006,14,438,0.0006361901299645551,0.01990366263746251,31.285714285714285,424,046
CC,two_head_hmm,mix=1;strength=8;alpha=1,task,20932,0.6539270017198547,0.40387726999397133,2,20930,28,24,0.0013377926421404682,0.0011466794075489727,0.8571428571428571,-4,046
CC,two_head_hmm,mix=1;strength=8;alpha=1,social,22008,0.49886404943656854,0.29541879664544823,2,22006,14,21,0.0006361901299645551,0.0009542851949468327,1.5,7,046
CC,two_head_hmm,mix=1;strength=8;alpha=1,mean,42940,0.5763955255782116,0.3496480333197098,4,42936,42,45,0.0009782001117942985,0.001048071548351034,1.0714285714285714,3,
CC,two_head_raw,none,mean,42940,0.5352069653736046,0.31343847153039306,4,42936,42,914,0.0009782001117942985,0.021287497670952116,21.761904761904763,872,
