domain,head,n_frames,kappa,macro_f1,weighted_f1,accuracy
CC,task,1749045,0.52706862048122,0.6226988090836417,0.7222255524247243,0.7025285227081064
CC,social,1700774,0.5125162667316496,0.606025972719044,0.6406829217443525,0.6337279379858817
