role,head,n_frames,kappa,macro_f1,weighted_f1,accuracy
purple,task,876193,0.5080012980639691,0.606393184173551,0.7118169007994251,0.6860862846427671
purple,social,848380,0.5243822987994117,0.6186947471571196,0.6612553169366259,0.6526332539663829
yellow,task,872852,0.545633446501856,0.6559170143680242,0.7329357771278484,0.719033696434218
yellow,social,852394,0.49960389917783576,0.5938498028538435,0.6189248444765081,0.614911648838448
