{
  "mode": "metadata_router",
  "domain": "CC",
  "features": [
    "visual_videomae",
    "audio_w2vbert2",
    "text_xlm_roberta"
  ],
  "metadata_features": [
    "bias",
    "age_z",
    "gender_1",
    "gender_2",
    "gender_unknown"
  ],
  "metadata_path": "/work/ACM/mltac-main/ACM/MoE/moe_data/outputs/participant_metadata.csv",
  "fit_split": "train",
  "optimistic_upper_bound": false,
  "metadata_stats": {
    "age_mean": 6.775,
    "age_std": 1.1288821904875639
  },
  "metadata_router_epochs": 80,
  "metadata_router_lr": 0.05,
  "metadata_router_weight_decay": 0.0001,
  "metadata_router_max_rows": 200000,
  "fit_loss_by_head": {
    "task": 0.6250946521759033,
    "social": 0.6732362508773804
  },
  "fit_mean_weights_by_head": {
    "task": [
      0.48641830682754517,
      0.15889102220535278,
      0.3552400767803192
    ],
    "social": [
      0.48354601860046387,
      0.12958073616027832,
      0.3882160186767578
    ]
  },
  "val_mean_weights_by_head": {
    "task": [
      0.5209898352622986,
      0.13109295070171356,
      0.3479172885417938
    ],
    "social": [
      0.5369659066200256,
      0.033620450645685196,
      0.42941367626190186
    ]
  },
  "coefficients_by_head": {
    "task": [
      [
        0.3881317973136902,
        -0.7483629584312439,
        0.1696801632642746
      ],
      [
        0.23507525026798248,
        -0.4081129729747772,
        0.40638038516044617
      ],
      [
        -0.04177636653184891,
        0.30209577083587646,
        -0.15624651312828064
      ],
      [
        0.6394076347351074,
        -1.0868085622787476,
        0.48069941997528076
      ],
      [
        0.0,
        0.0,
        0.0
      ]
    ],
    "social": [
      [
        0.5390840172767639,
        -0.9923515319824219,
        0.4291437864303589
      ],
      [
        -0.9223024249076843,
        1.5852000713348389,
        -0.8358387351036072
      ],
      [
        0.25908392667770386,
        -0.337362140417099,
        0.11103805154561996
      ],
      [
        0.632021427154541,
        -1.0528333187103271,
        0.5783145427703857
      ],
      [
        0.0,
        0.0,
        0.0
      ]
    ]
  },
  "val_mean_kappa": 0.3284293393057377,
  "n_train_rows": 3186950,
  "n_val_rows": 400308
}