domain,role,head,n_frames,kappa,macro_f1,weighted_f1,accuracy
CR,purple,task,432672,0.31537665536566867,0.47183199157769373,0.6651586604283467,0.6196472154426448
CR,purple,social,401438,0.315779926755726,0.3743738762718166,0.677043396935878,0.6943762174980943
CR,yellow,task,0,nan,nan,nan,nan
CR,yellow,social,0,nan,nan,nan,nan
