group,head,n_frames,kappa,macro_f1,weighted_f1,accuracy
overall,task,423090,0.464517177327062,0.5648265675859033,0.7693297275136908,0.7259731971920867
overall,social,392484,0.7115588004886138,0.47930262917798644,0.876528579119133,0.8479173673321715
