group,head,n_frames,kappa,macro_f1,weighted_f1,accuracy
overall,task,443357,0.3101127125533311,0.4586195855856513,0.595369471153866,0.5448814386600415
overall,social,401093,0.8414205110259604,0.5761368376081987,0.9332371781830874,0.9251221038512265
