domain,role,head,n_frames,kappa,macro_f1,weighted_f1,accuracy
CC,purple,task,900536,0.648710660879194,0.7388174765050858,0.7989804349625532,0.7902193804578607
CC,purple,social,872790,0.5200972506426172,0.5789788972117114,0.6710797605031786,0.6595252007928597
CC,yellow,task,902201,0.6031696619726175,0.7517999706766259,0.7623831425193716,0.7528289150643814
CC,yellow,social,875142,0.6118587246253194,0.6697277444641051,0.7272183411139309,0.7140464061832251
