group,head,n_frames,kappa,macro_f1,weighted_f1,accuracy
overall,task,1802737,0.6261807045771712,0.7369567419323138,0.780600415668144,0.7715068809260586
overall,social,1747932,0.5672152186102876,0.6278069857751575,0.7003344978485816,0.6868224850852321
