domain,head,n_frames,kappa,macro_f1,weighted_f1,accuracy
CC,task,70463,0.2994981497535035,0.33622932319776644,0.5096432783952505,0.5652044335324923
CC,social,66976,0.22547134531244262,0.3093025099098865,0.5550362571826448,0.4882943143812709
