role,head,n_frames,kappa,macro_f1,weighted_f1,accuracy
purple,task,29627,0.17405888208030368,0.30293007624537027,0.5298957726374474,0.5863907921828062
purple,social,33297,0.1678647487937965,0.2588660341176731,0.4778023024602278,0.4150524071237649
yellow,task,40836,0.26949456390891213,0.32287478210274323,0.49203529441708893,0.5498334802625134
yellow,social,33679,0.2826517027489269,0.3969939076774116,0.6322052791320126,0.5607054841295763
