group,n_frames,ccc,mae,rmse,pearson
overall,977884,0.8919889900849353,0.061998547483562844,0.08128584344095534,0.8946634048329364
