{
  "mode": "metadata_router",
  "domain": "CC",
  "features": [
    "visual_videomae",
    "audio_w2vbert2",
    "text_xlm_roberta"
  ],
  "metadata_features": [
    "bias",
    "age_z",
    "gender_1",
    "gender_2",
    "gender_unknown"
  ],
  "metadata_path": "/work/ACM/mltac-main/ACM/MoE/moe_data/outputs/participant_metadata.csv",
  "fit_split": "train",
  "optimistic_upper_bound": false,
  "metadata_stats": {
    "age_mean": 6.775,
    "age_std": 1.1288821904875639
  },
  "metadata_router_epochs": 80,
  "metadata_router_lr": 0.05,
  "metadata_router_weight_decay": 0.0001,
  "metadata_router_max_rows": 200000,
  "fit_loss_by_head": {
    "task": 0.6356253623962402,
    "social": 0.6984401345252991
  },
  "fit_mean_weights_by_head": {
    "task": [
      0.6413718461990356,
      0.16950386762619019,
      0.18935370445251465
    ],
    "social": [
      0.6152766346931458,
      0.30682572722435,
      0.07868920266628265
    ]
  },
  "val_mean_weights_by_head": {
    "task": [
      0.6744269132614136,
      0.17636509239673615,
      0.14920786023139954
    ],
    "social": [
      0.7049100995063782,
      0.28784868121147156,
      0.007241257932037115
    ]
  },
  "coefficients_by_head": {
    "task": [
      [
        0.45308685302734375,
        -0.3068343997001648,
        -0.48267582058906555
      ],
      [
        0.002462897216901183,
        0.1222381442785263,
        -0.1287185549736023
      ],
      [
        0.19455963373184204,
        -0.5059133768081665,
        0.3651060461997986
      ],
      [
        0.6231561899185181,
        0.14262054860591888,
        -1.0014375448226929
      ],
      [
        0.0,
        0.0,
        0.0
      ]
    ],
    "social": [
      [
        1.2323963642120361,
        0.7728531956672668,
        -2.6393959522247314
      ],
      [
        -1.342262864112854,
        -0.8148356676101685,
        2.9536726474761963
      ],
      [
        -0.01401844434440136,
        -0.24130311608314514,
        0.29665300250053406
      ],
      [
        1.8840084075927734,
        1.5334757566452026,
        -3.700157403945923
      ],
      [
        0.0,
        0.0,
        0.0
      ]
    ]
  },
  "val_mean_kappa": 0.3184222519517064,
  "n_train_rows": 3186950,
  "n_val_rows": 400308
}