domain,head,n_frames,kappa,macro_f1,weighted_f1,accuracy
CR,task,444209,0.5100739642605296,0.5918958653189981,0.7807957480109019,0.7495863433653979
CR,social,399950,0.6769333674751361,0.4559692006670046,0.8648021783168899,0.8225978247280911
