domain,head,n_frames,kappa,macro_f1,weighted_f1,accuracy
CR,task,444209,0.3903852205886452,0.5074690097673287,0.7536172009503899,0.7407774268418695
CR,social,399950,0.34030787269987994,0.3564083993674042,0.6971108082509476,0.6896162020252532
