group,head,n_frames,kappa,macro_f1,weighted_f1,accuracy
overall,task,49683,0.2638927008147659,0.34522674956467975,0.5700237725030932,0.5041966064851157
overall,social,36073,0.18296062365078605,0.306012369497102,0.5901055258402472,0.49336068527707705
