domain,role,head,n_frames,kappa,macro_f1,weighted_f1,accuracy
CC,purple,task,23624,0.2485573045719703,0.34980367276930663,0.5295511404521075,0.47976633931594986
CC,purple,social,16114,0.23475331844378694,0.3510786801980064,0.6196036611763303,0.5029167183815316
CC,yellow,task,26059,0.26644313016558707,0.2901078470779586,0.562900848903406,0.5263440653900764
CC,yellow,social,19959,0.1365418859525658,0.22639702511921406,0.5793708102570027,0.48564557342552234
