{
  "raw_baseline": {
    "mode": "baseline",
    "param": "none",
    "head": "mean",
    "n_frames": 65346,
    "kappa": 0.4787324617267274,
    "macro_f1": 0.4452385075422285,
    "weighted_f1": 0.7544981069196671,
    "accuracy": 0.7444219998163621,
    "n_sequences": 5,
    "n_transitions": 65341,
    "true_flips": 25,
    "pred_flips": 520,
    "true_flip_rate": 0.00038260816332777274,
    "pred_flip_rate": 0.007958249797217673
  },
  "best_hmm": {
    "mode": "hmm_uniform_start",
    "param": "mix=1;strength=16;alpha=1",
    "head": "mean",
    "n_frames": 65346,
    "kappa": 0.6115813574794057,
    "macro_f1": 0.5049330824891902,
    "weighted_f1": 0.823416341574675,
    "accuracy": 0.8297523949438375,
    "n_sequences": 5,
    "n_transitions": 65341,
    "true_flips": 25,
    "pred_flips": 27,
    "true_flip_rate": 0.00038260816332777274,
    "pred_flip_rate": 0.00041321681639399456
  },
  "selection_metric": "mean kappa over active heads",
  "val_hmm_results": "val_hmm_results.csv"
}