group,n_frames,ccc,mae,rmse,pearson
overall,977884,0.8807234756354811,0.06324739215835606,0.08500955193167276,0.8848527528320573
