domain,role,head,n_frames,kappa,macro_f1,weighted_f1,accuracy
CC,purple,task,887756,0.2813568484834287,0.46403538992376014,0.5581516076758767,0.5290147292724577
CC,purple,social,872203,0.3891718446644914,0.47390633370476565,0.591309278299067,0.5920880804124727
CC,yellow,task,903718,0.29407155046066,0.4663293691378753,0.5520259694387538,0.5302052188846521
CC,yellow,social,876715,0.38514639235665143,0.4842137643007664,0.5727186518196169,0.5728258327962907
