group,head,n_frames,kappa,macro_f1,weighted_f1,accuracy
overall,task,1791474,0.28868909951393174,0.4657131571557307,0.5549481705709753,0.5296152776986995
overall,social,1748918,0.3875731896600402,0.4804004184208475,0.5820764356120017,0.582432109452816
