group,n_frames,ccc,mae,rmse,pearson
overall,977884,0.8922063881392408,0.05972686802328548,0.08282018508478614,0.8935085052915535
