{
  "mode": "metadata_router",
  "domain": "CR",
  "features": [
    "visual_videomae",
    "audio_w2vbert2",
    "text_xlm_roberta"
  ],
  "metadata_features": [
    "bias",
    "age_z",
    "gender_1",
    "gender_2",
    "gender_unknown"
  ],
  "metadata_path": "/work/ACM/mltac-main/ACM/MoE/moe_data/outputs/participant_metadata.csv",
  "fit_split": "train",
  "optimistic_upper_bound": false,
  "metadata_stats": {
    "age_mean": 6.833333333333333,
    "age_std": 0.8975274678557508
  },
  "metadata_router_epochs": 80,
  "metadata_router_lr": 0.05,
  "metadata_router_weight_decay": 0.0001,
  "metadata_router_max_rows": 200000,
  "fit_loss_by_head": {
    "task": 0.5310646295547485,
    "social": 0.36786937713623047
  },
  "fit_mean_weights_by_head": {
    "task": [
      0.42243653535842896,
      0.5358720421791077,
      0.04176396131515503
    ],
    "social": [
      0.42962145805358887,
      0.45827561616897583,
      0.1124061793088913
    ]
  },
  "val_mean_weights_by_head": {
    "task": [
      0.36854708194732666,
      0.5877801179885864,
      0.043672699481248856
    ],
    "social": [
      0.45159366726875305,
      0.4324871003627777,
      0.11591925472021103
    ]
  },
  "coefficients_by_head": {
    "task": [
      [
        0.7106770873069763,
        0.7468960285186768,
        -1.004016399383545
      ],
      [
        0.1448376178741455,
        0.13977184891700745,
        -0.7134209275245667
      ],
      [
        0.7638852596282959,
        0.6269917488098145,
        -1.0444804430007935
      ],
      [
        -0.2020653337240219,
        0.4543299078941345,
        -0.18489885330200195
      ],
      [
        0.0,
        0.0,
        0.0
      ]
    ],
    "social": [
      [
        0.4076234698295593,
        0.38840410113334656,
        -0.4313260018825531
      ],
      [
        0.14090394973754883,
        -0.10741095244884491,
        -0.22300516068935394
      ],
      [
        0.4388534128665924,
        0.46207550168037415,
        -0.4720441699028015
      ],
      [
        0.0059667425230145454,
        0.1898610144853592,
        -0.08073163777589798
      ],
      [
        0.0,
        0.0,
        0.0
      ]
    ]
  },
  "val_mean_kappa": 0.22374277730097195,
  "n_train_rows": 768286,
  "n_val_rows": 82641
}