{
  "mode": "hmm_uniform_start",
  "param": "mix=1;strength=12;alpha=1",
  "head": "mean",
  "n_frames": 400308,
  "kappa": 0.418451535936744,
  "macro_f1": 0.5072728348312068,
  "weighted_f1": 0.6396359890601927,
  "accuracy": 0.6210081082248318,
  "n_sequences": 28,
  "n_transitions": 400280,
  "true_flips": 236,
  "pred_flips": 292,
  "true_flip_rate": 0.0005895872888977715,
  "pred_flip_rate": 0.0007294893574497851
}