group,n_frames,ccc,mae,rmse,pearson
overall,977884,0.9091501641036691,0.05604658721650359,0.07359769066271432,0.9139175117918538
