group,n_frames,ccc,mae,rmse,pearson
overall,1315300,0.9284365018859843,0.040513086829695774,0.052838021602433366,0.9313985535800279
