group,n_frames,ccc,mae,rmse,pearson
overall,1925013,0.9157060436666805,0.04653915672070784,0.060381621669734445,0.9174252365068032
