group,head,n_frames,kappa,macro_f1,weighted_f1,accuracy
overall,task,215692,0.3340956776413493,0.42366501235191245,0.5783472315396755,0.546353133171374
overall,social,184616,0.4631320275040266,0.4579323795013989,0.6577416806026014,0.6500249165836114
