role,head,n_frames,kappa,macro_f1,weighted_f1,accuracy
purple,task,882196,0.5480983390732461,0.6259103942935366,0.7540516988791964,0.72642020594063
purple,social,865563,0.5681653272457425,0.6512638590265535,0.7102376051998437,0.7038609552395377
yellow,task,887629,0.6018969448259378,0.6776836485673161,0.776557346118287,0.7734402548812623
yellow,social,866114,0.5800055749113084,0.6489711424606479,0.7091393103421113,0.7006814345455679
