group,head,n_frames,kappa,macro_f1,weighted_f1,accuracy
overall,task,1769825,0.5747934443187084,0.638263077337507,0.7653338941833887,0.7500024013673668
overall,social,1731677,0.5747373857844902,0.6507687124035493,0.7096934490878628,0.7022706890488237
