domain,role,head,n_frames,kappa,macro_f1,weighted_f1,accuracy
CC,purple,task,876193,0.15697751592938508,0.38786946116651744,0.5445373204158146,0.5390125234965356
CC,purple,social,848380,0.2522903087387481,0.3916316128733495,0.4974769064319494,0.48573988071383106
CC,yellow,task,872852,0.18785252393291033,0.39204288013953553,0.559379431402035,0.5584784132934335
CC,yellow,social,852394,0.21163925554948526,0.3692370453816779,0.445545894535472,0.42972850583181016
