group,head,n_frames,kappa,macro_f1,weighted_f1,accuracy
overall,task,1749045,0.1721623072689715,0.3908480878982673,0.551731178007462,0.5487268766669812
overall,social,1700774,0.23282927048288854,0.38202185599257454,0.4724029478779644,0.4576680969958384
