group,n_frames,ccc,mae,rmse,pearson
overall,977884,0.8789566480172657,0.0678163843627924,0.09058337409308116,0.8809506636747801
