group,n_frames,ccc,mae,rmse,pearson
overall,651556,0.018038701279873753,0.4696769281307707,0.6006459325371314,0.04550995053792593
