group,head,n_frames,kappa,macro_f1,weighted_f1,accuracy
overall,task,26399,0.2090141845651057,0.3003804590467709,0.6049658990458202,0.6934353573999015
overall,social,8954,0.08614141721116338,0.2110531583739447,0.4739484253231186,0.5949296403841858
