role,head,n_frames,kappa,macro_f1,weighted_f1,accuracy
purple,task,26399,0.2090141845651057,0.3003804590467709,0.6049658990458202,0.6934353573999015
purple,social,8954,0.08614141721116338,0.2110531583739447,0.4739484253231186,0.5949296403841858
yellow,task,0,nan,nan,nan,nan
yellow,social,0,nan,nan,nan,nan
