{
  "features": [
    "visual_videomae",
    "audio_w2vbert2",
    "text_xlm_roberta"
  ],
  "step": 0.05,
  "weights": {
    "role": {
      "expert": [
        0.5,
        0.5,
        0.0
      ],
      "novice": [
        0.4,
        0.55,
        0.05
      ]
    },
    "shared": {
      "all": [
        0.45,
        0.5,
        0.05
      ]
    },
    "uniform": {
      "all": [
        0.3333333333333333,
        0.3333333333333333,
        0.3333333333333333
      ]
    },
    "val_role_upper": {
      "expert": [
        0.4,
        0.55,
        0.05
      ],
      "novice": [
        0.4,
        0.45,
        0.15
      ]
    },
    "val_shared_upper": {
      "all": [
        0.4,
        0.55,
        0.05
      ]
    }
  },
  "fit_mse": {
    "shared": {
      "all": 0.0028080613295928284
    },
    "role": {
      "expert": 0.003250910286547673,
      "novice": 0.0023227671824105553
    },
    "val_shared_upper": {
      "all": 0.00519020407303727
    },
    "val_role_upper": {
      "expert": 0.005298041484264788,
      "novice": 0.0050132226228700545
    }
  }
}