group,n_frames,ccc,mae,rmse,pearson
overall,577136,0.8327558310281514,0.0590687757230953,0.07670435458895446,0.8353030683157424
