{
  "mode": "metadata_router",
  "domain": "CR",
  "features": [
    "visual_videomae",
    "audio_w2vbert2",
    "text_xlm_roberta"
  ],
  "metadata_features": [
    "bias",
    "age_z",
    "gender_1",
    "gender_2",
    "gender_unknown"
  ],
  "metadata_path": "/work/ACM/mltac-main/ACM/MoE/moe_data/outputs/participant_metadata.csv",
  "fit_split": "train",
  "optimistic_upper_bound": false,
  "metadata_stats": {
    "age_mean": 6.833333333333333,
    "age_std": 0.8975274678557508
  },
  "metadata_router_epochs": 80,
  "metadata_router_lr": 0.05,
  "metadata_router_weight_decay": 0.0001,
  "metadata_router_max_rows": 200000,
  "fit_loss_by_head": {
    "task": 0.47092512249946594,
    "social": 0.21047401428222656
  },
  "fit_mean_weights_by_head": {
    "task": [
      0.5236890912055969,
      0.44803741574287415,
      0.028762556612491608
    ],
    "social": [
      0.6522447466850281,
      0.34166765213012695,
      0.005382897797971964
    ]
  },
  "val_mean_weights_by_head": {
    "task": [
      0.5817282199859619,
      0.41755932569503784,
      0.0007124008261598647
    ],
    "social": [
      0.6282308101654053,
      0.36511608958244324,
      0.006653266958892345
    ]
  },
  "coefficients_by_head": {
    "task": [
      [
        1.4808239936828613,
        1.4718128442764282,
        -2.130089044570923
      ],
      [
        0.9909600615501404,
        0.45368853211402893,
        -1.4543566703796387
      ],
      [
        1.1502830982208252,
        1.1435133218765259,
        -1.6006139516830444
      ],
      [
        1.2773597240447998,
        1.1155633926391602,
        -1.8036834001541138
      ],
      [
        0.0,
        0.0,
        0.0
      ]
    ],
    "social": [
      [
        1.2765365839004517,
        0.974328875541687,
        -1.5940173864364624
      ],
      [
        -0.10902970284223557,
        0.15673509240150452,
        -0.003528672270476818
      ],
      [
        1.318793535232544,
        1.0470635890960693,
        -1.6596930027008057
      ],
      [
        0.6927335262298584,
        0.22077088057994843,
        -0.6711594462394714
      ],
      [
        0.0,
        0.0,
        0.0
      ]
    ]
  },
  "val_mean_kappa": 0.3961046103516904,
  "n_train_rows": 768286,
  "n_val_rows": 82641
}