group,n_frames,ccc,mae,rmse,pearson
overall,977884,0.8248590766289887,0.07705839290976275,0.10564535669396269,0.8275970167466956
