domain,role,head,n_frames,kappa,macro_f1,weighted_f1,accuracy
CC,purple,task,887756,0.3267859103498771,0.5072751357166019,0.6421100608711592,0.6636192827758979
CC,purple,social,872203,0.4341959553166165,0.5616814993384629,0.6313259217448589,0.6329535670021772
CC,yellow,task,903718,0.3373867457033008,0.5151269587616412,0.6154052771361371,0.5994093290163525
CC,yellow,social,876715,0.4321739365643119,0.5500444970871505,0.6125155263473733,0.6061650593408349
