group,head,n_frames,kappa,macro_f1,weighted_f1,accuracy
overall,task,1791474,0.335328053092702,0.5173889196912286,0.6323072110882288,0.631228251149612
overall,social,1748918,0.4343280650677359,0.5545955021447855,0.621628559570337,0.6195247575929803
