domain,mode,param,head,n_frames,accuracy,kappa,n_sequences,n_transitions,true_flips,pred_flips,true_flip_rate,pred_flip_rate,flip_rate_ratio,excess_flips,heldout_session
CC,two_head_raw,none,task,49683,0.586860696817825,0.35170414496689933,2,49681,38,736,0.0007648799339787846,0.014814516616010145,19.36842105263158,698,038
CC,two_head_raw,none,social,36073,0.6209076040251712,0.24469328843209862,2,36071,9,782,0.0002495079149455241,0.021679465498599983,86.88888888888889,773,038
CC,two_head_hmm,mix=1;strength=8;alpha=1,task,49683,0.642936215606948,0.42380886523483063,2,49681,38,55,0.0007648799339787846,0.0011070630623377146,1.4473684210526316,17,038
CC,two_head_hmm,mix=1;strength=8;alpha=1,social,36073,0.6854988495550689,0.2540241769056746,2,36071,9,28,0.0002495079149455241,0.0007762468464971861,3.111111111111111,19,038
CC,two_head_hmm,mix=1;strength=8;alpha=1,mean,85756,0.6642175325810085,0.3389165210702526,4,85752,47,83,0.0005480921727773114,0.0009679074540535498,1.7659574468085106,36,
CC,two_head_raw,none,mean,85756,0.6038841504214981,0.298198716699499,4,85752,47,1518,0.0005480921727773114,0.017702211027148054,32.297872340425535,1471,
