domain,mode,param,head,n_frames,accuracy,kappa,n_sequences,n_transitions,true_flips,pred_flips,true_flip_rate,pred_flip_rate,flip_rate_ratio,excess_flips,heldout_session
CR,two_head_raw,none,task,10718,0.8190893823474529,0.5208794872155466,1,10717,8,65,0.000746477559018382,0.006065130167024354,8.125,57,019
CR,two_head_raw,none,social,6508,0.7725875845113707,0.0,1,6507,0,283,0.0,0.04349162440448748,inf,283,019
CR,two_head_hmm,mix=1;strength=8;alpha=1,task,10718,0.8138645269639858,0.5168503512992323,1,10717,8,5,0.000746477559018382,0.00046654847438648876,0.625,-3,019
CR,two_head_hmm,mix=1;strength=8;alpha=1,social,6508,0.9300860479409957,0.0,1,6507,0,4,0.0,0.0006147226064238512,inf,4,019
CR,two_head_hmm,mix=1;strength=8;alpha=1,mean,17226,0.8719752874524908,0.25842517564961615,2,17224,8,9,0.00046446818392940084,0.0005225267069205759,1.125,1,
CR,two_head_raw,none,mean,17226,0.7958384834294118,0.2604397436077733,2,17224,8,348,0.00046446818392940084,0.020204366000928935,43.5,340,
