domain,mode,param,head,n_frames,accuracy,kappa,n_sequences,n_transitions,true_flips,pred_flips,true_flip_rate,pred_flip_rate,flip_rate_ratio,excess_flips,heldout_session
CR,two_head_raw,none,task,5280,0.8897727272727273,0.7770465370080721,1,5279,6,29,0.0011365788975184693,0.005493464671339269,4.833333333333333,23,059
CR,two_head_raw,none,social,1488,0.20900537634408603,0.01133698267924916,1,1487,3,6,0.0020174848688634837,0.004034969737726967,2.0,3,059
CR,two_head_hmm,mix=1;strength=8;alpha=1,task,5280,0.9003787878787879,0.7956166735253651,1,5279,6,1,0.0011365788975184693,0.00018942981625307822,0.16666666666666666,-5,059
CR,two_head_hmm,mix=1;strength=8;alpha=1,social,1488,0.20900537634408603,0.0,1,1487,3,0,0.0020174848688634837,0.0,0.0,-3,059
CR,two_head_hmm,mix=1;strength=8;alpha=1,mean,6768,0.554692082111437,0.39780833676268257,2,6766,9,1,0.0013301803133313626,0.00014779781259237365,0.1111111111111111,-8,
CR,two_head_raw,none,mean,6768,0.5493890518084067,0.39419175984366067,2,6766,9,35,0.0013301803133313626,0.005172923440733077,3.888888888888889,26,
