domain,role,head,n_frames,kappa,macro_f1,weighted_f1,accuracy
CR,purple,task,438771,0.5822056419753016,0.7073809510849389,0.825516697784409,0.8180850603162014
CR,purple,social,394930,0.7884389740062293,0.6236182386063847,0.9049415901247417,0.9027878358190059
CR,yellow,task,0,nan,nan,nan,nan
CR,yellow,social,0,nan,nan,nan,nan
