role,head,n_frames,kappa,macro_f1,weighted_f1,accuracy
purple,task,895265,0.19122996321235164,0.3659222299905647,0.4741850270527773,0.4310288015280392
purple,social,871507,0.2843784688634382,0.42672029767892444,0.5176239742837144,0.49617386894195914
yellow,task,903311,0.20664150632590625,0.37898531825958465,0.5319417995522142,0.5171895393723757
yellow,social,874235,0.2992531026847731,0.43123195889980065,0.517041530797759,0.5004706972381567
