domain,head,n_frames,kappa,macro_f1,weighted_f1,accuracy
CC,task,1798576,0.1980493899878391,0.3761122154762764,0.5071069004491413,0.4743018921635783
CC,social,1745742,0.2921303424787488,0.42888210449818526,0.5172086736999326,0.4983256403294416
