domain,head,n_frames,kappa,macro_f1,weighted_f1,accuracy
CC,task,1802737,0.2814355355731709,0.44398047173787003,0.574352637087487,0.5628835487372812
CC,social,1747932,0.3402255694139253,0.47077168605071507,0.5185920518762399,0.5067371041894079
