role,head,n_frames,kappa,macro_f1,weighted_f1,accuracy
purple,task,900536,0.26118522086771295,0.4357089388958324,0.5750404487893992,0.5618076345643039
purple,social,872790,0.3232071716748151,0.45642403479265586,0.510582865455115,0.499195682810298
yellow,task,902201,0.29651014522226854,0.45328514850757706,0.5732518406149458,0.5639574773248976
yellow,social,875142,0.35556261229886393,0.48382652551791167,0.5267047192838148,0.5142582575170658
