role,head,n_frames,kappa,macro_f1,weighted_f1,accuracy
purple,task,890643,0.5452848377696,0.6407615124666881,0.7408377382230823,0.7477867113983941
purple,social,876752,0.5359602993831029,0.6262405606102143,0.6857263818802747,0.6856226162016169
yellow,task,903011,0.5867027400054285,0.7086789595304965,0.7673435166523014,0.7639541489527814
yellow,social,881301,0.5784970337471425,0.6552374014338961,0.7084206223316054,0.7058031251524735
