domain,head,n_frames,kappa,macro_f1,weighted_f1,accuracy
CC,task,1793654,0.5668955665928574,0.6747537139923179,0.7560128738748606,0.7559261708222433
CC,social,1758053,0.5576909511322838,0.6409431402307012,0.6967663033800773,0.6957389794278102
