{
  "mode": "metadata_router",
  "domain": "CR",
  "features": [
    "visual_videomae",
    "audio_w2vbert2",
    "text_xlm_roberta"
  ],
  "metadata_features": [
    "bias",
    "age_z",
    "gender_1",
    "gender_2",
    "gender_unknown"
  ],
  "metadata_path": "/work/ACM/mltac-main/ACM/MoE/moe_data/outputs/participant_metadata.csv",
  "fit_split": "train",
  "optimistic_upper_bound": false,
  "metadata_stats": {
    "age_mean": 6.833333333333333,
    "age_std": 0.8975274678557508
  },
  "metadata_router_epochs": 80,
  "metadata_router_lr": 0.05,
  "metadata_router_weight_decay": 0.0001,
  "metadata_router_max_rows": 200000,
  "fit_loss_by_head": {
    "task": 0.569649875164032,
    "social": 0.31298184394836426
  },
  "fit_mean_weights_by_head": {
    "task": [
      0.43433675169944763,
      0.5158043503761292,
      0.0488862544298172
    ],
    "social": [
      0.533476710319519,
      0.3670102655887604,
      0.09941477328538895
    ]
  },
  "val_mean_weights_by_head": {
    "task": [
      0.3852061927318573,
      0.5617772936820984,
      0.053016725927591324
    ],
    "social": [
      0.5723881125450134,
      0.317658394575119,
      0.10995365679264069
    ]
  },
  "coefficients_by_head": {
    "task": [
      [
        0.608832597732544,
        0.7047606110572815,
        -0.8394269943237305
      ],
      [
        0.0942125990986824,
        -0.005683899857103825,
        -0.4294333755970001
      ],
      [
        0.6137735843658447,
        0.3425314426422119,
        -0.8063963651657104
      ],
      [
        -0.15377292037010193,
        0.3985869884490967,
        -0.2723313868045807
      ],
      [
        0.0,
        0.0,
        0.0
      ]
    ],
    "social": [
      [
        0.5013458728790283,
        0.3675662875175476,
        -0.546394407749176
      ],
      [
        0.18574188649654388,
        -0.23672321438789368,
        -0.139554962515831
      ],
      [
        0.5546290278434753,
        0.3026265799999237,
        -0.5960145592689514
      ],
      [
        0.10955911129713058,
        -0.10175430774688721,
        -0.03901337832212448
      ],
      [
        0.0,
        0.0,
        0.0
      ]
    ]
  },
  "val_mean_kappa": 0.23747643129242788,
  "n_train_rows": 768286,
  "n_val_rows": 82641
}