group,n_frames,ccc,mae,rmse,pearson
overall,977884,0.9104631528121411,0.05582574303923239,0.07352907749977662,0.9127593798989266
