group,head,n_frames,kappa,macro_f1,weighted_f1,accuracy
overall,task,16771,0.26693787832103505,0.363005805508142,0.7086279912255469,0.6891061952179357
overall,social,19818,0.16131139926860358,0.31362335817856496,0.654843496957779,0.5580785144817842
