domain,role,head,n_frames,kappa,macro_f1,weighted_f1,accuracy
CC,purple,task,5284,0.1832512301159502,0.33548062675097146,0.5144189151958967,0.5098410295230885
CC,purple,social,8887,0.18385673045023643,0.3205366464180347,0.6443314442502132,0.5563182176212446
CC,yellow,task,11487,0.2893914294658138,0.3417560626720535,0.803742607351573,0.7715678593192304
CC,yellow,social,10931,0.14009497407750454,0.3058938986053136,0.663148910510485,0.5595096514500045
