domain,role,head,n_frames,kappa,macro_f1,weighted_f1,accuracy
CC,purple,task,903834,0.5168435148643782,0.6198493260428706,0.7227781287387934,0.7013765802127382
CC,purple,social,873740,0.44732017347239444,0.5587120718178281,0.5918963308315054,0.5866115778149106
CC,yellow,task,911719,0.45856696712248246,0.5767773735169768,0.6677918878286747,0.6432354705781057
CC,yellow,social,882798,0.5374472650361084,0.60763021944566,0.6662055321724257,0.6561308476004704
