group,head,n_frames,kappa,macro_f1,weighted_f1,accuracy
overall,task,1815553,0.48768644831278624,0.6006756507397986,0.6957877632974173,0.6721797711220768
overall,social,1756538,0.49251179561928965,0.5821132164131531,0.6287202001680736,0.6215504589140685
