group,head,n_frames,kappa,macro_f1,weighted_f1,accuracy
overall,task,20932,0.3493015737752126,0.41630268635515333,0.6355253812942169,0.5585706095929677
overall,social,22008,0.2609989661415614,0.32454724349672676,0.44076443263347653,0.47523627771719373
