domain,role,head,n_frames,kappa,macro_f1,weighted_f1,accuracy
CC,purple,task,10555,0.34381839044861906,0.39635614852201817,0.6402139781852385,0.5444812884888678
CC,purple,social,10170,0.32427643292872815,0.32050812683369945,0.5523796040959442,0.5590953785644052
CC,yellow,task,10377,0.3226404038513186,0.329818148695208,0.618469096627822,0.5729016093283222
CC,yellow,social,11838,0.2095387229052927,0.2837038016843977,0.36038002304507805,0.4031931069437405
