{
  "mode": "metadata_router",
  "domain": "CC",
  "features": [
    "visual_videomae",
    "audio_w2vbert2",
    "text_xlm_roberta"
  ],
  "metadata_features": [
    "bias",
    "age_z",
    "gender_1",
    "gender_2",
    "gender_unknown"
  ],
  "metadata_path": "/work/ACM/mltac-main/ACM/MoE/moe_data/outputs/participant_metadata.csv",
  "fit_split": "train",
  "optimistic_upper_bound": false,
  "metadata_stats": {
    "age_mean": 6.775,
    "age_std": 1.1288821904875639
  },
  "metadata_router_epochs": 80,
  "metadata_router_lr": 0.05,
  "metadata_router_weight_decay": 0.0001,
  "metadata_router_max_rows": 200000,
  "fit_loss_by_head": {
    "task": 0.6225212812423706,
    "social": 0.704479992389679
  },
  "fit_mean_weights_by_head": {
    "task": [
      0.6619669795036316,
      0.17763805389404297,
      0.1603708565235138
    ],
    "social": [
      0.6149394512176514,
      0.3115816116333008,
      0.0729985311627388
    ]
  },
  "val_mean_weights_by_head": {
    "task": [
      0.6893050670623779,
      0.18187996745109558,
      0.12881498038768768
    ],
    "social": [
      0.6985677480697632,
      0.2949742078781128,
      0.0064580999314785
    ]
  },
  "coefficients_by_head": {
    "task": [
      [
        0.4851408302783966,
        -0.28363117575645447,
        -0.5645672678947449
      ],
      [
        0.019801858812570572,
        0.21620617806911469,
        -0.12524674832820892
      ],
      [
        0.25214633345603943,
        -0.5074795484542847,
        0.2863590717315674
      ],
      [
        0.5897871255874634,
        0.19095908105373383,
        -1.0020846128463745
      ],
      [
        0.0,
        0.0,
        0.0
      ]
    ],
    "social": [
      [
        1.2423971891403198,
        0.8033183217048645,
        -2.7481443881988525
      ],
      [
        -1.2694716453552246,
        -0.8328066468238831,
        2.9347832202911377
      ],
      [
        -0.030896153301000595,
        -0.2314448058605194,
        0.30643826723098755
      ],
      [
        1.88308846950531,
        1.510385513305664,
        -3.6461029052734375
      ],
      [
        0.0,
        0.0,
        0.0
      ]
    ]
  },
  "val_mean_kappa": 0.3178051198515405,
  "n_train_rows": 3186950,
  "n_val_rows": 400308
}