group,n_frames,ccc,mae,rmse,pearson
overall,1924981,0.7457404843455907,0.08564533950447961,0.11133070085715932,0.7513816128554713
