group,n_frames,ccc,mae,rmse,pearson
overall,651556,0.08297074440840611,0.37948336833163887,0.5354952913433978,0.15697891394907879
