domain,head,n_frames,kappa,macro_f1,weighted_f1,accuracy
CC,task,28034,0.24442409433154727,0.3980166710266092,0.47575030860927914,0.47973888849254476
CC,social,18832,0.36407525551890124,0.35384841782291765,0.7862776528953832,0.786268054375531
