domain,role,head,n_frames,kappa,macro_f1,weighted_f1,accuracy
CC,purple,task,18064,0.1326826646981648,0.2919059137639188,0.4590367299605834,0.4675044286979628
CC,purple,social,9474,0.38180099815466745,0.288917523014806,0.8044418043888845,0.8171838716487229
CC,yellow,task,9970,0.3092360891720307,0.36187617855344223,0.531411568655839,0.5019057171514544
CC,yellow,social,9358,0.33886367858152683,0.316374240257342,0.7574535290986573,0.7549690104723231
