{
  "raw_baseline": {
    "mode": "baseline",
    "param": "none",
    "head": "mean",
    "n_frames": 65346,
    "kappa": 0.4367889545559954,
    "macro_f1": 0.45347114352729356,
    "weighted_f1": 0.7270901726090344,
    "accuracy": 0.7098368683622563,
    "n_sequences": 5,
    "n_transitions": 65341,
    "true_flips": 25,
    "pred_flips": 1316,
    "true_flip_rate": 0.00038260816332777274,
    "pred_flip_rate": 0.020140493717573957
  },
  "best_hmm": {
    "mode": "hmm_uniform_start",
    "param": "mix=1;strength=10;alpha=1",
    "head": "mean",
    "n_frames": 65346,
    "kappa": 0.5201203248505405,
    "macro_f1": 0.47558618799077906,
    "weighted_f1": 0.7708521733625054,
    "accuracy": 0.7759465001683347,
    "n_sequences": 5,
    "n_transitions": 65341,
    "true_flips": 25,
    "pred_flips": 42,
    "true_flip_rate": 0.00038260816332777274,
    "pred_flip_rate": 0.0006427817143906582
  },
  "selection_metric": "mean kappa over active heads",
  "val_hmm_results": "val_hmm_results.csv"
}