domain,head,n_frames,kappa,macro_f1,weighted_f1,accuracy
CC,task,1815553,0.14184790632854385,0.3284514618983023,0.49929601377348815,0.48203274704731836
CC,social,1756538,0.23080122530332156,0.3693332885789332,0.4824327584307745,0.4789341306592855
