domain,role,head,n_frames,kappa,macro_f1,weighted_f1,accuracy
CC,purple,task,903834,0.12115811568627406,0.2929936062519305,0.4768500670924937,0.46812135856805565
CC,purple,social,873740,0.23781177429410583,0.36308695820862324,0.5006703179588731,0.5015576716185592
CC,yellow,task,911719,0.1613530592231387,0.34938434888326975,0.5162683093489432,0.4958238229103485
CC,yellow,social,882798,0.22178157628885434,0.36976215356330505,0.46308063900571644,0.4565427198521066
