domain,role,head,n_frames,kappa,macro_f1,weighted_f1,accuracy
CR,purple,task,432672,0.23400309584447906,0.3654806911755284,0.7013664046315262,0.730211337918793
CR,purple,social,401438,0.1340336857863238,0.2432148312624224,0.5813097196728416,0.6464310802664421
CR,yellow,task,0,nan,nan,nan,nan
CR,yellow,social,0,nan,nan,nan,nan
