role,head,n_frames,kappa,macro_f1,weighted_f1,accuracy
purple,task,65346,0.27830798930505873,0.38843359312238995,0.695842492752117,0.7308327977228904
purple,social,17295,-0.004004372299292568,0.020679509643280462,0.005809040912364413,0.05411968777103209
yellow,task,0,nan,nan,nan,nan
yellow,social,0,nan,nan,nan,nan
