{
  "mode": "hmm_uniform_start",
  "param": "mix=1;strength=14;alpha=1",
  "head": "mean",
  "n_frames": 17295,
  "kappa": 0.05199342006108809,
  "macro_f1": 0.12280701539515712,
  "weighted_f1": 0.1040250616213679,
  "accuracy": 0.12864989881468633,
  "n_sequences": 4,
  "n_transitions": 17291,
  "true_flips": 6,
  "pred_flips": 4,
  "true_flip_rate": 0.0003470013301717657,
  "pred_flip_rate": 0.00023133422011451044
}