{
  "raw_baseline": {
    "mode": "baseline",
    "param": "none",
    "head": "mean",
    "n_frames": 17295,
    "kappa": 0.028713061288201253,
    "macro_f1": 0.0941397456433828,
    "weighted_f1": 0.07802957087679475,
    "accuracy": 0.11656548135299219,
    "n_sequences": 4,
    "n_transitions": 17291,
    "true_flips": 6,
    "pred_flips": 540,
    "true_flip_rate": 0.0003470013301717657,
    "pred_flip_rate": 0.031230119715458908
  },
  "best_hmm": {
    "mode": "hmm_uniform_start",
    "param": "mix=1;strength=14;alpha=1",
    "head": "mean",
    "n_frames": 17295,
    "kappa": 0.05199342006108809,
    "macro_f1": 0.12280701539515712,
    "weighted_f1": 0.1040250616213679,
    "accuracy": 0.12864989881468633,
    "n_sequences": 4,
    "n_transitions": 17291,
    "true_flips": 6,
    "pred_flips": 4,
    "true_flip_rate": 0.0003470013301717657,
    "pred_flip_rate": 0.00023133422011451044
  },
  "selection_metric": "mean kappa over active heads",
  "val_hmm_results": "val_hmm_results.csv"
}