group,n_frames,ccc,mae,rmse,pearson
overall,651556,0.17535260585771295,0.13808581243883972,0.16500034727943957,0.607235572085143
