{
  "mode": "hmm_uniform_start",
  "param": "mix=1;strength=14;alpha=1",
  "head": "mean",
  "n_frames": 17295,
  "kappa": 0.772245623817469,
  "macro_f1": 0.4644021879868279,
  "weighted_f1": 0.8664790806659531,
  "accuracy": 0.886788089043076,
  "n_sequences": 4,
  "n_transitions": 17291,
  "true_flips": 6,
  "pred_flips": 3,
  "true_flip_rate": 0.0003470013301717657,
  "pred_flip_rate": 0.00017350066508588284
}