group,n_frames,ccc,mae,rmse,pearson
overall,977884,0.9152487287985424,0.05518260178394826,0.07376402116586303,0.9154105517543905
