group,n_frames,ccc,mae,rmse,pearson
overall,977884,0.9019876650929517,0.06559255572573909,0.08475549537306115,0.9100929890230216
