domain,head,n_frames,kappa,macro_f1,weighted_f1,accuracy
CC,task,25854,0.27520558942895224,0.38806666890175073,0.758568242413338,0.6419896340991723
CC,social,9697,0.6799343039738457,0.45589335505934736,0.8571365082496302,0.8077756007012478
