role,head,n_frames,kappa,macro_f1,weighted_f1,accuracy
purple,task,15177,0.29810500118629485,0.4194729446952101,0.801531900854923,0.6847861896290439
purple,social,4925,0.7020842894526167,0.4345690325522731,0.8751053640441919,0.825989847715736
yellow,task,10677,0.24665105363359907,0.3522428540786169,0.6959731899658724,0.581155755361993
yellow,social,4772,0.6578477363172672,0.4757435096132917,0.8398102081925904,0.7889773679798826
