domain,mode,param,head,n_frames,accuracy,kappa,n_sequences,n_transitions,true_flips,pred_flips,true_flip_rate,pred_flip_rate,flip_rate_ratio,excess_flips,heldout_session
CC,two_head_raw,none,task,16771,0.7567825412915151,0.31454038834326137,2,16769,9,134,0.000536704633550003,0.007990935655077823,14.88888888888889,125,017
CC,two_head_raw,none,social,19818,0.9000908265213442,0.3935663850454199,2,19816,4,58,0.00020185708518368994,0.002926927735163504,14.5,54,017
CC,two_head_hmm,mix=1;strength=8;alpha=1,task,16771,0.8183173334923379,0.4082647388653289,2,16769,9,9,0.000536704633550003,0.000536704633550003,1.0,0,017
CC,two_head_hmm,mix=1;strength=8;alpha=1,social,19818,0.9233020486426481,0.47220191512565773,2,19816,4,2,0.00020185708518368994,0.00010092854259184497,0.5,-2,017
CC,two_head_hmm,mix=1;strength=8;alpha=1,mean,36589,0.870809691067493,0.44023332699549333,4,36585,13,11,0.00035533688670220037,0.0003006696733634003,0.8461538461538461,-2,
CC,two_head_raw,none,mean,36589,0.8284366839064297,0.3540533866943406,4,36585,13,192,0.00035533688670220037,0.005248052480524805,14.76923076923077,179,
