domain,role,head,n_frames,kappa,macro_f1,weighted_f1,accuracy
CC,purple,task,23624,0.3555933252233439,0.4076178623463389,0.6326889583812341,0.6113274635963427
CC,purple,social,16114,0.22188994065871886,0.2593998472276998,0.7229648338973577,0.6398163087998014
CC,yellow,task,26059,0.26187738875486033,0.36092695524592533,0.6403373108420274,0.6608081660846541
CC,yellow,social,19959,0.19319514800441287,0.24803902207963735,0.6770305400081715,0.5864522270654843
