group,head,n_frames,kappa,macro_f1,weighted_f1,accuracy
overall,task,49683,0.3215223428491829,0.3929701862175092,0.6443776472635488,0.6372803574663366
overall,social,36073,0.2024728987224731,0.25419503980006736,0.6969235635099414,0.6102902447814155
