group,head,n_frames,kappa,macro_f1,weighted_f1,accuracy
overall,task,1769825,0.288744253450803,0.45075540920148566,0.600904980232964,0.5978800163858009
overall,social,1731677,0.39925166030925746,0.5128197340402568,0.584514854342181,0.5739840628477482
