role,head,n_frames,kappa,macro_f1,weighted_f1,accuracy
purple,task,882196,0.2758298715931226,0.43756385150256233,0.5852133092133041,0.5669057669724188
purple,social,865563,0.37900540488599066,0.4918449661345797,0.574665054869763,0.5673163016441322
yellow,task,887629,0.3032926807171689,0.47237323526648245,0.6150262170363091,0.628664678598829
yellow,social,866114,0.4175626349194378,0.531774443838381,0.594036224063639,0.5806475821889497
