{
  "features": [
    "visual_videomae",
    "audio_w2vbert2",
    "text_xlm_roberta"
  ],
  "step": 0.05,
  "weights": {
    "role": {
      "expert": [
        0.0,
        0.4,
        0.6
      ],
      "novice": [
        0.05,
        0.45,
        0.5
      ]
    },
    "shared": {
      "all": [
        0.0,
        0.45,
        0.55
      ]
    },
    "uniform": {
      "all": [
        0.3333333333333333,
        0.3333333333333333,
        0.3333333333333333
      ]
    },
    "val_role_upper": {
      "expert": [
        0.15,
        0.7,
        0.15
      ],
      "novice": [
        0.05,
        0.65,
        0.3
      ]
    },
    "val_shared_upper": {
      "all": [
        0.1,
        0.65,
        0.25
      ]
    }
  },
  "fit_mse": {
    "shared": {
      "all": 0.001735470175558515
    },
    "role": {
      "expert": 0.0016251127109391166,
      "novice": 0.001838481496116116
    },
    "val_shared_upper": {
      "all": 0.0061415075296149865
    },
    "val_role_upper": {
      "expert": 0.004699152490354585,
      "novice": 0.007521574295432107
    }
  }
}