domain,mode,param,head,n_frames,accuracy,kappa,n_sequences,n_transitions,true_flips,pred_flips,true_flip_rate,pred_flip_rate,flip_rate_ratio,excess_flips,heldout_session
CC,two_head_raw,none,task,28034,0.5331026610544339,0.31083536322142424,2,28032,27,493,0.0009631849315068493,0.017587043378995432,18.25925925925926,466,010
CC,two_head_raw,none,social,18832,0.7976847918436704,0.3664844376618227,2,18830,22,182,0.001168348380244291,0.009665427509293681,8.272727272727273,160,010
CC,two_head_hmm,mix=1;strength=8;alpha=1,task,28034,0.5624955411286295,0.34279033214916954,2,28032,27,36,0.0009631849315068493,0.0012842465753424657,1.3333333333333333,9,010
CC,two_head_hmm,mix=1;strength=8;alpha=1,social,18832,0.808464316057774,0.3477754322290885,2,18830,22,12,0.001168348380244291,0.0006372809346787042,0.5454545454545454,-10,010
CC,two_head_hmm,mix=1;strength=8;alpha=1,mean,46866,0.6854799285932018,0.34528288218912906,4,46862,49,48,0.0010456233195339508,0.0010242840681148906,0.9795918367346939,-1,
CC,two_head_raw,none,mean,46866,0.6653937264490521,0.3386599004416235,4,46862,49,675,0.0010456233195339508,0.014403994707865648,13.775510204081632,626,
