{
  "mode": "hmm_uniform_start",
  "param": "mix=1;strength=16;alpha=1",
  "head": "mean",
  "n_frames": 65346,
  "kappa": 0.551840449070626,
  "macro_f1": 0.4676001747944825,
  "weighted_f1": 0.807450687088613,
  "accuracy": 0.806797661677838,
  "n_sequences": 5,
  "n_transitions": 65341,
  "true_flips": 25,
  "pred_flips": 25,
  "true_flip_rate": 0.00038260816332777274,
  "pred_flip_rate": 0.00038260816332777274
}