{
  "raw_baseline": {
    "mode": "baseline",
    "param": "none",
    "head": "mean",
    "n_frames": 65346,
    "kappa": 0.44407726898313227,
    "macro_f1": 0.4675625315806541,
    "weighted_f1": 0.759756137327983,
    "accuracy": 0.7245891102745387,
    "n_sequences": 5,
    "n_transitions": 65341,
    "true_flips": 25,
    "pred_flips": 1375,
    "true_flip_rate": 0.00038260816332777274,
    "pred_flip_rate": 0.021043448983027502
  },
  "best_hmm": {
    "mode": "hmm_uniform_start",
    "param": "mix=1;strength=16;alpha=1",
    "head": "mean",
    "n_frames": 65346,
    "kappa": 0.551840449070626,
    "macro_f1": 0.4676001747944825,
    "weighted_f1": 0.807450687088613,
    "accuracy": 0.806797661677838,
    "n_sequences": 5,
    "n_transitions": 65341,
    "true_flips": 25,
    "pred_flips": 25,
    "true_flip_rate": 0.00038260816332777274,
    "pred_flip_rate": 0.00038260816332777274
  },
  "selection_metric": "mean kappa over active heads",
  "val_hmm_results": "val_hmm_results.csv"
}