group,n_frames,ccc,mae,rmse,pearson
overall,977884,0.9064812732732547,0.060602251731545896,0.08041973300578865,0.9086490150976546
