dataset,n_frames,ccc,mae,rmse,pearson
noxij,1315300,0.9375089138145783,0.03597311756255553,0.04959569544918303,0.9399753185622594
