dataset,n_frames,ccc,mae,rmse,pearson
noxij,1315548,0.8252725354058009,0.07281551411808382,0.0941103208915476,0.8596914691048068
