group,n_frames,ccc,mae,rmse,pearson
overall,651556,0.015429360453889557,1.1775827805026686,1.2429991707383878,0.1734350904569968
