group,head,n_frames,kappa,macro_f1,weighted_f1,accuracy
overall,task,1798576,0.4886134350261622,0.5892072139999691,0.6981930375463017,0.676227193068294
overall,social,1745742,0.501677031117494,0.5849188919274305,0.6398907975284281,0.6294320695727089
