domain,role,head,n_frames,kappa,macro_f1,weighted_f1,accuracy
CC,purple,task,895265,0.44717282694446386,0.5588970203173241,0.6751099462153417,0.647841700502086
CC,purple,social,871507,0.4947703523077539,0.5785619492706813,0.6455744145668695,0.6363701037398437
CC,yellow,task,903311,0.5293110887454562,0.6171400768594031,0.7207347233116171,0.7043598494870538
CC,yellow,social,874235,0.5063546892793859,0.5857535880706888,0.6336671078979863,0.6225156851418668
