dataset,n_frames,ccc,mae,rmse,pearson
noxij,400748,0.5804191156468582,0.06578989382635055,0.08994410207382446,0.5905353449540084
