group,n_frames,ccc,mae,rmse,pearson
overall,977884,0.8257498609480631,0.07678008509017374,0.10455703717792648,0.8264769175442808
