{
  "mode": "hmm_uniform_start",
  "param": "mix=1;strength=10;alpha=1",
  "head": "mean",
  "n_frames": 17295,
  "kappa": 0.21273087124098797,
  "macro_f1": 0.2457426470984995,
  "weighted_f1": 0.37532190749442673,
  "accuracy": 0.35131540907776815,
  "n_sequences": 4,
  "n_transitions": 17291,
  "true_flips": 6,
  "pred_flips": 7,
  "true_flip_rate": 0.0003470013301717657,
  "pred_flip_rate": 0.00040483488520039326
}