group,head,n_frames,kappa,macro_f1,weighted_f1,accuracy
overall,task,1815553,0.06037021744815632,0.266712264995585,0.37901841332160613,0.3308925710238148
overall,social,1756538,0.21034281432395627,0.3402891685534547,0.46378645836965954,0.46293789260465756
