domain,role,head,n_frames,kappa,macro_f1,weighted_f1,accuracy
CC,purple,task,903834,0.05918591074627724,0.23374736662989287,0.3555930089632271,0.3006105103370752
CC,purple,social,873740,0.19972422073128293,0.3320061218019143,0.4705268699646695,0.47488841074003707
CC,yellow,task,911719,0.05200440059140489,0.28217744089698443,0.3924904231211317,0.36091273736754415
CC,yellow,social,882798,0.2174522330547961,0.337256702488834,0.45406906839148703,0.4511099934526358
