group,head,n_frames,kappa,macro_f1,weighted_f1,accuracy
overall,task,16771,0.3019403586855696,0.36232464334805103,0.7580567680546095,0.7490906922664122
overall,social,19818,0.2820180957755915,0.3031122726594718,0.8563614263320618,0.873498839438894
