domain,role,head,n_frames,kappa,macro_f1,weighted_f1,accuracy
CC,purple,task,5284,0.04077155873217389,0.24996277853305848,0.477738431172727,0.4984859954579864
CC,purple,social,8887,0.23896208934998436,0.2543520186538434,0.8403904689659313,0.8707100258804996
CC,yellow,task,11487,0.47995613169974616,0.3974908961298027,0.8863119027693079,0.8643684164707931
CC,yellow,social,10931,0.3175155268537352,0.32808912490947634,0.8644553293321809,0.8757661696093678
