group,head,n_frames,kappa,macro_f1,weighted_f1,accuracy
overall,task,65346,0.4110500205665787,0.4666470547031427,0.7283165692785141,0.7059345637070364
overall,social,17295,0.08303234878257959,0.2898075821446801,0.09521802050171402,0.18727956056663775
