group,n_frames,ccc,mae,rmse,pearson
overall,977884,0.905429183678804,0.057179930400143214,0.07530855546383859,0.9081715274144233
