{
  "mode": "hmm_uniform_start",
  "param": "mix=1;strength=16;alpha=1",
  "head": "mean",
  "n_frames": 65346,
  "kappa": 0.3012059428466674,
  "macro_f1": 0.4451265097407542,
  "weighted_f1": 0.7069656844013392,
  "accuracy": 0.7415603097358675,
  "n_sequences": 5,
  "n_transitions": 65341,
  "true_flips": 25,
  "pred_flips": 33,
  "true_flip_rate": 0.00038260816332777274,
  "pred_flip_rate": 0.00050504277559266
}