dataset,n_frames,ccc,mae,rmse,pearson
noxij,400860,0.42343982689966436,0.10534782318524233,0.13658383684286082,0.4877101922418553
