group,n_frames,ccc,mae,rmse,pearson
overall,400750,0.4341343583470276,0.07251358596868093,0.10325082506264775,0.439139160656562
