group,n_frames,ccc,mae,rmse,pearson
overall,977884,0.9119990368281037,0.059044523084593126,0.07594512398540722,0.9150399271453366
