group,n_frames,ccc,mae,rmse,pearson
overall,977884,0.8758029122508659,0.06757148826930168,0.09027894080671871,0.8767785883685846
