group,head,n_frames,kappa,macro_f1,weighted_f1,accuracy
overall,task,1769825,0.24298066272058375,0.39599638236214274,0.5623433796791764,0.5562939838684615
overall,social,1731677,0.2648762892438484,0.3837236710659087,0.49900056584362507,0.5100223656028232
