domain,role,head,n_frames,kappa,macro_f1,weighted_f1,accuracy
CC,purple,task,882196,0.22807746640860344,0.3917240282225982,0.5703926735801685,0.571128184666446
CC,purple,social,865563,0.3028569657121196,0.4146952792972639,0.5367774701007898,0.5594867155828056
CC,yellow,task,887629,0.24984550604600544,0.3887742897131704,0.5507810518771858,0.5415505802536871
CC,yellow,social,866114,0.2235202579374686,0.3444663278159542,0.44740398512863905,0.46058948360146584
