group,n_frames,ccc,mae,rmse,pearson
overall,651556,0.1277400526296966,0.3880552251646339,0.5431654518636077,0.22329510529836016
