group,n_frames,ccc,mae,rmse,pearson
overall,651556,-0.028088576476972892,0.9073421362944833,1.0778859946392014,-0.1534625189856058
