epoch,train_loss,val_ccc,val_mae,val_rmse,val_pearson,best_epoch,best_val_ccc
1,2.015287399291992,-0.028088576476972892,0.9073421362944833,1.0778859946392014,-0.1534625189856058,1,-0.028088576476972892
