role,head,n_frames,kappa,macro_f1,weighted_f1,accuracy
purple,task,432672,0.26772737719397255,0.4017479499731295,0.6784070384292175,0.6350330042156646
purple,social,401438,0.39837166594011053,0.3998415214064546,0.7112217187478718,0.6575012828880176
yellow,task,0,nan,nan,nan,nan
yellow,social,0,nan,nan,nan,nan
