group,head,n_frames,kappa,macro_f1,weighted_f1,accuracy
overall,task,3955,0.07426972304351387,0.21284516012135013,0.44629751640969856,0.36359039190897596
overall,social,11212,0.065316837828112,0.1555211551522127,0.2980815206434542,0.2564216910453086
