domain,role,head,n_frames,kappa,macro_f1,weighted_f1,accuracy
CC,purple,task,1986,0.008437278824280636,0.061262513774376394,0.08090758541592696,0.07754279959718026
CC,purple,social,7937,0.05562132848501912,0.12736603324820822,0.24562241962604622,0.19364999370039057
CC,yellow,task,1969,0.2537655718512716,0.3046524523037705,0.6914918029570751,0.6521076688674454
CC,yellow,social,3275,0.024567879422786508,0.17374864021357556,0.42542357689346333,0.4085496183206107
