group,n_frames,ccc,mae,rmse,pearson
overall,977884,0.9104002858980812,0.0568238934873724,0.0745446447843471,0.916183018218589
