domain,head,n_frames,kappa,macro_f1,weighted_f1,accuracy
CC,task,28034,0.2291432362069455,0.349099263490585,0.44804812260113636,0.464828422629664
CC,social,18832,0.067074020112554,0.2033808046763884,0.5574443240178912,0.47668861512319455
