domain,role,head,n_frames,kappa,macro_f1,weighted_f1,accuracy
CC,purple,task,18064,0.3694205735348668,0.45248172731998154,0.5975024293048139,0.5988153232949512
CC,purple,social,9474,0.07339247443954953,0.20316106788886934,0.5808677329613294,0.493350221659278
CC,yellow,task,9970,0.04276553865225877,0.19287493527367472,0.20869137840070776,0.22206619859578736
CC,yellow,social,9358,0.05798876365696236,0.20788965187385133,0.5316545318551743,0.4598204744603548
