role,head,n_frames,kappa,macro_f1,weighted_f1,accuracy
purple,task,10555,0.2660624606599296,0.30581167898233386,0.5893771053515956,0.5934628138323069
purple,social,10170,0.2736652867299893,0.305315889079968,0.5177167941978724,0.47718780727630283
yellow,task,10377,0.17705795989244483,0.28461534043273445,0.581081500942862,0.5418714464681507
yellow,social,11838,0.14579089880723647,0.2465630578311123,0.3267778487237022,0.3498901841527285
