domain,head,n_frames,kappa,macro_f1,weighted_f1,accuracy
CC,task,20932,0.22779157665094038,0.32780503292037927,0.5854965016695557,0.567886489585324
CC,social,22008,0.18722440857613337,0.2893859321480487,0.39356629141317345,0.4087150127226463
