domain,role,head,n_frames,kappa,macro_f1,weighted_f1,accuracy
CC,purple,task,15177,0.2995482878939528,0.38568705403930187,0.8121371324819435,0.7154905449034724
CC,purple,social,4925,0.5653786037725138,0.3253030559732867,0.7965031598805912,0.7563451776649747
CC,yellow,task,10677,0.23153952555150106,0.3054537047000482,0.6768687978952758,0.5823733258405919
CC,yellow,social,4772,0.596405350762768,0.5071895056927956,0.7967506316060072,0.7728415758591786
