group,head,n_frames,kappa,macro_f1,weighted_f1,accuracy
overall,task,25854,0.26842429329080386,0.3461198953778436,0.7569880662747083,0.660516747892009
overall,social,9697,0.5806805274910489,0.40467495587662616,0.7931265203764665,0.7644632360523873
