domain,mode,param,head,n_frames,accuracy,kappa,n_sequences,n_transitions,true_flips,pred_flips,true_flip_rate,pred_flip_rate,flip_rate_ratio,excess_flips,heldout_session
CR,two_head_raw,none,task,26399,0.8188188946551006,0.604044970227771,1,26398,5,149,0.00018940828850670506,0.005644366997499811,29.8,144,018
CR,two_head_raw,none,social,8954,0.8612910431092249,0.7229757120973789,1,8953,3,79,0.0003350832123310622,0.008823857924717972,26.333333333333332,76,018
CR,two_head_hmm,mix=1;strength=8;alpha=1,task,26399,0.8465093374749043,0.6574095598692912,1,26398,5,6,0.00018940828850670506,0.00022728994620804606,1.2,1,018
CR,two_head_hmm,mix=1;strength=8;alpha=1,social,8954,0.8716774625865535,0.741537599339423,1,8953,3,5,0.0003350832123310622,0.0005584720205517703,1.6666666666666667,2,018
CR,two_head_hmm,mix=1;strength=8;alpha=1,mean,35353,0.8590934000307289,0.6994735796043571,2,35351,8,11,0.00022630194336793868,0.00031116517213091566,1.375,3,
CR,two_head_raw,none,mean,35353,0.8400549688821628,0.6635103411625749,2,35351,8,228,0.00022630194336793868,0.006449605385986252,28.5,220,
