group,n_frames,ccc,mae,rmse,pearson
overall,977884,0.8874910773195065,0.06288769194146875,0.08613760018979122,0.8877025764424766
