run,target_subset,mode,param,frames,canonical_frames,numbered_blank_frames,soft_kappa,confidence_weighted_soft_kappa,pred_flip_rate
cr_task,canonical,hmm,mix=1;strength=12;alpha=1,65346,65346,0,0.5984796517681452,0.5984796517681452,0.0004591297959933273
cr_task,numbered_blank,hmm,mix=1;strength=8;alpha=1,67211,0,67211,0.07814599787279125,0.08170912924952708,0.0008034996875278992
cr_task,augmented,hmm,mix=1;strength=12;alpha=1,132557,65346,67211,0.2616846363602207,0.356465709842711,0.00029422415353974287
cr_social,canonical,hmm,mix=1;strength=12;alpha=1,17295,17295,0,0.7412815410332784,0.7412815410332784,0.0006940026603435314
cr_social,numbered_blank,hmm,mix=1;strength=12;alpha=1,115262,0,115262,0.0695034583406142,0.06879915343023311,0.000616014645531291
cr_social,augmented,hmm,mix=1;strength=12;alpha=1,132557,17295,115262,0.13904305966661878,0.19450451047388256,0.0005582714708189993
