domain,head,n_frames,kappa,macro_f1,weighted_f1,accuracy
CR,task,26399,0.536069213427992,0.4274806682960721,0.7509845204588429,0.7725671426947991
CR,social,8954,0.7297718930105412,0.3626515102091254,0.8297772071295719,0.8658700022336386
