group,n_frames,ccc,mae,rmse,pearson
overall,651556,0.0036227385716099854,0.5273122087818362,0.6075180643290942,0.014054062572595663
