group,head,n_frames,kappa,macro_f1,weighted_f1,accuracy
overall,task,5280,0.26947822480027506,0.3136919768101166,0.604758071500741,0.6151515151515151
overall,social,1488,0.05917087289769031,0.08847795163584637,0.09246183789901957,0.20900537634408603
