domain,role,head,n_frames,kappa,macro_f1,weighted_f1,accuracy
CC,purple,task,29627,0.25016623859163556,0.38614230599877264,0.6046562898229771,0.631957336213589
CC,purple,social,33297,0.09342548133056684,0.2593560405549171,0.3828387652920285,0.37195543142024806
CC,yellow,task,40836,0.04822628718221494,0.22534035079907372,0.30074083801324186,0.34565089626799883
CC,yellow,social,33679,0.1081578886391217,0.31573987756733785,0.43516703970443804,0.3542266694379287
