domain,head,n_frames,kappa,macro_f1,weighted_f1,accuracy
CC,task,70463,0.1296046063336013,0.29795507286751155,0.4210422237094355,0.4660318181173098
CC,social,66976,0.10733763559259502,0.2838102740489696,0.4102153048505298,0.36304049211657907
