dataset,n_frames,ccc,mae,rmse,pearson
noxij,400748,0.604280796930077,0.07729988913280787,0.1014789551466149,0.6254172049467326
