domain_head_role,n_frames,accuracy,kappa
CR_social_purple,17295,0.25365712633709164,0.14279218690628567
CR_task_purple,65346,0.7940807394484742,0.5611782431053908
