domain,role,head,n_frames,kappa,macro_f1,weighted_f1,accuracy
CR,purple,task,444209,0.2747362695828692,0.4015090560968716,0.7334049449154372,0.7652298805292104
CR,purple,social,399950,0.10992257770276208,0.22664926755219264,0.5772010798229668,0.6489936242030254
CR,yellow,task,0,nan,nan,nan,nan
CR,yellow,social,0,nan,nan,nan,nan
