{
  "mode": "metadata_router",
  "domain": "CR",
  "features": [
    "visual_videomae",
    "audio_w2vbert2",
    "text_xlm_roberta"
  ],
  "metadata_features": [
    "bias",
    "age_z",
    "gender_1",
    "gender_2",
    "gender_unknown"
  ],
  "metadata_path": "/work/ACM/mltac-main/ACM/MoE/moe_data/outputs/participant_metadata.csv",
  "fit_split": "train",
  "optimistic_upper_bound": false,
  "metadata_stats": {
    "age_mean": 6.833333333333333,
    "age_std": 0.8975274678557508
  },
  "metadata_router_epochs": 80,
  "metadata_router_lr": 0.05,
  "metadata_router_weight_decay": 0.0001,
  "metadata_router_max_rows": 200000,
  "fit_loss_by_head": {
    "task": 0.4628337323665619,
    "social": 0.22135715186595917
  },
  "fit_mean_weights_by_head": {
    "task": [
      0.6592779755592346,
      0.2805280089378357,
      0.06077877804636955
    ],
    "social": [
      0.7066248655319214,
      0.23061087727546692,
      0.06219995766878128
    ]
  },
  "val_mean_weights_by_head": {
    "task": [
      0.6410160660743713,
      0.30610358715057373,
      0.05288037285208702
    ],
    "social": [
      0.7461594939231873,
      0.1725309044122696,
      0.08130951225757599
    ]
  },
  "coefficients_by_head": {
    "task": [
      [
        0.7882990837097168,
        0.2848447859287262,
        -1.2196602821350098
      ],
      [
        0.5647051334381104,
        0.8639956712722778,
        -0.9015384912490845
      ],
      [
        0.9994407892227173,
        0.5369013547897339,
        -1.573425054550171
      ],
      [
        0.20228511095046997,
        -0.12376949191093445,
        -0.058747582137584686
      ],
      [
        0.0,
        0.0,
        0.0
      ]
    ],
    "social": [
      [
        0.8867093920707703,
        -0.1805824488401413,
        -1.272462248802185
      ],
      [
        0.5357553362846375,
        0.49321189522743225,
        -1.0210776329040527
      ],
      [
        0.6367249488830566,
        1.3225001096725464,
        -2.582543134689331
      ],
      [
        0.6482051014900208,
        -1.670247197151184,
        0.8742342591285706
      ],
      [
        0.0,
        0.0,
        0.0
      ]
    ]
  },
  "val_mean_kappa": 0.28170475852747623,
  "n_train_rows": 768286,
  "n_val_rows": 82641
}