group,n_frames,ccc,mae,rmse,pearson
overall,577152,0.6562485904611317,0.09979872466924897,0.12697353422774363,0.6695259468935438
