{
  "mode": "metadata_router",
  "domain": "CR",
  "features": [
    "visual_videomae",
    "audio_w2vbert2",
    "text_xlm_roberta"
  ],
  "metadata_features": [
    "bias",
    "age_z",
    "gender_1",
    "gender_2",
    "gender_unknown"
  ],
  "metadata_path": "/work/ACM/mltac-main/ACM/MoE/moe_data/outputs/participant_metadata.csv",
  "fit_split": "train",
  "optimistic_upper_bound": false,
  "metadata_stats": {
    "age_mean": 6.833333333333333,
    "age_std": 0.8975274678557508
  },
  "metadata_router_epochs": 80,
  "metadata_router_lr": 0.05,
  "metadata_router_weight_decay": 0.0001,
  "metadata_router_max_rows": 200000,
  "fit_loss_by_head": {
    "task": 0.5899205207824707,
    "social": 0.2716962397098541
  },
  "fit_mean_weights_by_head": {
    "task": [
      0.39941975474357605,
      0.46371734142303467,
      0.1360630989074707
    ],
    "social": [
      0.7801288962364197,
      0.14164681732654572,
      0.07835835218429565
    ]
  },
  "val_mean_weights_by_head": {
    "task": [
      0.4635378420352936,
      0.4364008605480194,
      0.10006123781204224
    ],
    "social": [
      0.7610702514648438,
      0.15228787064552307,
      0.08664198964834213
    ]
  },
  "coefficients_by_head": {
    "task": [
      [
        0.13441620767116547,
        0.4638751745223999,
        -0.4619157910346985
      ],
      [
        1.203378438949585,
        -0.19349293410778046,
        -0.8489795327186584
      ],
      [
        0.16044940054416656,
        0.1908424347639084,
        -0.4004870057106018
      ],
      [
        0.028498103842139244,
        0.2595229744911194,
        -0.22584229707717896
      ],
      [
        0.0,
        0.0,
        0.0
      ]
    ],
    "social": [
      [
        0.9510309100151062,
        -0.03722008317708969,
        -1.4509003162384033
      ],
      [
        0.7385342717170715,
        0.9701653122901917,
        -1.2565182447433472
      ],
      [
        1.288041114807129,
        0.5892988443374634,
        -2.413264274597168
      ],
      [
        0.07940536737442017,
        -0.7601509094238281,
        0.6651453971862793
      ],
      [
        0.0,
        0.0,
        0.0
      ]
    ]
  },
  "val_mean_kappa": 0.3184960356945867,
  "n_train_rows": 768286,
  "n_val_rows": 82641
}