mode,param,cc_mean_kappa,cr_mean_kappa,combined_mean_kappa,cc_pred_flips,cr_pred_flips,total_pred_flips,total_true_flips
hmm_uniform_start,mix=1;strength=8;alpha=1,0.3708786985155405,0.399667624758951,0.3852731616372458,310,48,358,267
hmm_uniform_start,mix=1;strength=6;alpha=1,0.367750505621791,0.3986686668751557,0.38320958624847334,365,57,422,267
hmm_uniform_start,mix=1;strength=12;alpha=1,0.37027105051132136,0.38536356198019434,0.3778173062457578,228,42,270,267
hmm_uniform_start,mix=0.75;strength=12;alpha=1,0.35144963258607576,0.3828734306838363,0.367161531634956,515,79,594,267
hmm_uniform_start,mix=1;strength=4;alpha=1,0.3509188993455238,0.38328828170191,0.3671035905237169,483,80,563,267
hmm_uniform_start,mix=0.75;strength=8;alpha=1,0.34686063772825604,0.3746119333514771,0.3607362855398666,653,101,754,267
hmm_uniform_start,mix=0.75;strength=6;alpha=1,0.34724651278999796,0.37021259225537123,0.35872955252268457,773,119,892,267
hmm_uniform_start,mix=0.75;strength=4;alpha=1,0.34076668470092386,0.3702061841203188,0.35548643441062133,1014,152,1166,267
baseline,none,0.3223310305886096,0.35198521500583824,0.3371581227972239,7095,835,7930,267
