{
  "mode": "hmm_uniform_start",
  "param": "mix=0.75;strength=16;alpha=1",
  "head": "mean",
  "n_frames": 65346,
  "kappa": 0.45179682709617847,
  "macro_f1": 0.4681238057099523,
  "weighted_f1": 0.7282252893340045,
  "accuracy": 0.7335414562482784,
  "n_sequences": 5,
  "n_transitions": 65341,
  "true_flips": 25,
  "pred_flips": 72,
  "true_flip_rate": 0.00038260816332777274,
  "pred_flip_rate": 0.0011019115103839856
}