domain,mode,param,head,n_frames,accuracy,kappa,n_sequences,n_transitions,true_flips,pred_flips,true_flip_rate,pred_flip_rate,flip_rate_ratio,excess_flips,heldout_session
CC,two_head_raw,none,task,70463,0.6910719100804678,0.4953819359051463,2,70461,40,639,0.0005676899277614567,0.00906884659598927,15.975,599,065
CC,two_head_raw,none,social,66976,0.6728828236980411,0.3764994349915231,2,66974,18,1199,0.00026876101173589753,0.017902469615074506,66.61111111111111,1181,065
CC,two_head_hmm,mix=1;strength=8;alpha=1,task,70463,0.7099896399528831,0.5180985154723841,2,70461,40,33,0.0005676899277614567,0.00046834419040320176,0.825,-7,065
CC,two_head_hmm,mix=1;strength=8;alpha=1,social,66976,0.777845795508839,0.547057575623813,2,66974,18,34,0.00026876101173589753,0.0005076596888344731,1.8888888888888888,16,065
CC,two_head_hmm,mix=1;strength=8;alpha=1,mean,137439,0.7439177177308611,0.5325780455480985,4,137435,58,67,0.0004220176810856041,0.0004875031833230254,1.1551724137931034,9,
CC,two_head_raw,none,mean,137439,0.6819773668892544,0.4359406854483347,4,137435,58,1838,0.0004220176810856041,0.013373594790264488,31.689655172413794,1780,
