group,n_frames,ccc,mae,rmse,pearson
overall,400748,0.5524125315834155,0.07654097124503371,0.10561446295900874,0.5842941105075377
