{
  "raw_baseline": {
    "mode": "baseline",
    "param": "none",
    "head": "mean",
    "n_frames": 65346,
    "kappa": 0.3920948011675274,
    "macro_f1": 0.4211661447531308,
    "weighted_f1": 0.7053310582333943,
    "accuracy": 0.677195237658005,
    "n_sequences": 5,
    "n_transitions": 65341,
    "true_flips": 25,
    "pred_flips": 1280,
    "true_flip_rate": 0.00038260816332777274,
    "pred_flip_rate": 0.019589537962381966
  },
  "best_hmm": {
    "mode": "hmm_uniform_start",
    "param": "mix=1;strength=10;alpha=1",
    "head": "mean",
    "n_frames": 65346,
    "kappa": 0.4398451988498257,
    "macro_f1": 0.4275915610009992,
    "weighted_f1": 0.7337702005562873,
    "accuracy": 0.7195084626449973,
    "n_sequences": 5,
    "n_transitions": 65341,
    "true_flips": 25,
    "pred_flips": 55,
    "true_flip_rate": 0.00038260816332777274,
    "pred_flip_rate": 0.0008417379593211
  },
  "selection_metric": "mean kappa over active heads",
  "val_hmm_results": "val_hmm_results.csv"
}