group,n_frames,ccc,mae,rmse,pearson
overall,977884,0.8623123617690845,0.07253170957422536,0.09314685405724947,0.8715627255743283
