group,n_frames,ccc,mae,rmse,pearson
overall,977884,0.886996555845561,0.06154628290101488,0.08303798049601044,0.8897003840228576
