group,n_frames,ccc,mae,rmse,pearson
overall,577138,0.7604868833778521,0.07563625549127341,0.09692666769660074,0.7623118834486305
