domain,role,head,n_frames,kappa,macro_f1,weighted_f1,accuracy
CR,purple,task,6132,0.12114169388986414,0.26046932400395145,0.5464156458240891,0.4695042400521853
CR,purple,social,345,0.0,0.0011560693641618496,0.005780346820809248,0.002898550724637681
CR,yellow,task,0,nan,nan,nan,nan
CR,yellow,social,0,nan,nan,nan,nan
