domain,role,head,n_frames,kappa,macro_f1,weighted_f1,accuracy
CR,purple,task,65346,0.44407726898313227,0.4675625315806541,0.759756137327983,0.7245891102745387
CR,purple,social,17295,-0.15276563039712662,0.13551531822393686,0.416120732461878,0.43764093668690374
CR,yellow,task,0,nan,nan,nan,nan
CR,yellow,social,0,nan,nan,nan,nan
