dataset,n_frames,ccc,mae,rmse,pearson
noxi,577136,0.8601328342865081,0.05823899197003883,0.07431807953683522,0.8632826279883976
