group,head,n_frames,kappa,macro_f1,weighted_f1,accuracy
overall,task,5280,0.7633714584433152,0.46213985278654046,0.8427229934851816,0.881439393939394
overall,social,1488,0.10783369701520715,0.16688365001172883,0.13485743875785391,0.23588709677419356
