domain,mode,param,head,n_frames,accuracy,kappa,n_sequences,n_transitions,true_flips,pred_flips,true_flip_rate,pred_flip_rate,flip_rate_ratio,excess_flips,heldout_session
CC,two_head_raw,none,task,25854,0.9475516361104664,0.7543395188653987,2,25852,2,93,7.736345350456444e-05,0.0035974005879622468,46.5,91,036
CC,two_head_raw,none,social,9697,0.9540063937300196,0.9113303300316615,2,9695,15,15,0.0015471892728210418,0.0015471892728210418,1.0,0,036
CC,two_head_hmm,mix=1;strength=8;alpha=1,task,25854,0.9919935019726155,0.9532475231385005,2,25852,2,2,7.736345350456444e-05,7.736345350456444e-05,1.0,0,036
CC,two_head_hmm,mix=1;strength=8;alpha=1,social,9697,0.9350314530267093,0.8751102093204336,2,9695,15,3,0.0015471892728210418,0.0003094378545642084,0.2,-12,036
CC,two_head_hmm,mix=1;strength=8;alpha=1,mean,35551,0.9635124774996624,0.914178866229467,4,35547,17,5,0.00047824007651841227,0.00014065884603482712,0.29411764705882354,-12,
CC,two_head_raw,none,mean,35551,0.9507790149202431,0.8328349244485301,4,35547,17,108,0.00047824007651841227,0.003038231074352266,6.352941176470588,91,
