{
  "mode": "metadata_router",
  "domain": "CR",
  "features": [
    "visual_videomae",
    "audio_w2vbert2",
    "text_xlm_roberta"
  ],
  "metadata_features": [
    "bias",
    "age_z",
    "gender_1",
    "gender_2",
    "gender_unknown"
  ],
  "metadata_path": "/work/ACM/mltac-main/ACM/MoE/moe_data/outputs/participant_metadata.csv",
  "fit_split": "train",
  "optimistic_upper_bound": false,
  "metadata_stats": {
    "age_mean": 6.833333333333333,
    "age_std": 0.8975274678557508
  },
  "metadata_router_epochs": 80,
  "metadata_router_lr": 0.05,
  "metadata_router_weight_decay": 0.0001,
  "metadata_router_max_rows": 200000,
  "fit_loss_by_head": {
    "task": 0.8204523921012878,
    "social": 0.4787343740463257
  },
  "fit_mean_weights_by_head": {
    "task": [
      0.014682276174426079,
      0.8248140811920166,
      0.1607292741537094
    ],
    "social": [
      0.4194091260433197,
      0.3565172553062439,
      0.22413480281829834
    ]
  },
  "val_mean_weights_by_head": {
    "task": [
      0.020742403343319893,
      0.8334118127822876,
      0.14584556221961975
    ],
    "social": [
      0.1909700334072113,
      0.6115167140960693,
      0.1975133866071701
    ]
  },
  "coefficients_by_head": {
    "task": [
      [
        -1.2041876316070557,
        1.0817577838897705,
        0.21857763826847076
      ],
      [
        0.6008352041244507,
        -0.15088385343551636,
        -0.5697901844978333
      ],
      [
        -1.369694471359253,
        1.1943321228027344,
        0.27675920724868774
      ],
      [
        -0.7177029848098755,
        0.7090310454368591,
        0.004329418297857046
      ],
      [
        0.0,
        0.0,
        0.0
      ]
    ],
    "social": [
      [
        0.39753618836402893,
        -0.24801066517829895,
        -0.07662543654441833
      ],
      [
        -0.5305750966072083,
        3.286499261856079,
        -0.7459166646003723
      ],
      [
        0.6307748556137085,
        -0.4164208471775055,
        -0.11310217529535294
      ],
      [
        -0.25683900713920593,
        0.18571648001670837,
        0.2982363700866699
      ],
      [
        0.0,
        0.0,
        0.0
      ]
    ]
  },
  "val_mean_kappa": 0.10259661322184216,
  "n_train_rows": 768286,
  "n_val_rows": 82641
}