domain,head,n_frames,kappa,macro_f1,weighted_f1,accuracy
CC,task,1793654,0.4124883086440787,0.5878902655428565,0.6776002857998117,0.6860648709282838
CC,social,1758053,0.524895929109873,0.6287972300074187,0.690399804808398,0.6989345599933563
