domain,role,head,n_frames,kappa,macro_f1,weighted_f1,accuracy
CC,purple,task,890643,0.3845436848144572,0.5659428461487421,0.6659838922793909,0.6773510823079506
CC,purple,social,876752,0.5232808491641316,0.6330759746490531,0.69568570825691,0.7032319287552238
CC,yellow,task,903011,0.4371646026162145,0.6096174884534293,0.6887115934222858,0.6946593120128105
CC,yellow,social,881301,0.5259857858703307,0.6259858795158062,0.6850510016095019,0.6946593729043766
