domain,head,n_frames,kappa,macro_f1,weighted_f1,accuracy
CC,task,3955,0.10557179848514485,0.24910664680980826,0.6159151403457563,0.5211125158027813
CC,social,11212,0.025679089891413147,0.0826047046068231,0.061393228154631316,0.08071708883339279
