role,head,n_frames,kappa,macro_f1,weighted_f1,accuracy
purple,task,1986,0.03637916167965251,0.23813921631847104,0.6891674513370236,0.5911379657603223
purple,social,7937,0.024069621091229457,0.08237930463123386,0.02195189987338536,0.05455461761370795
yellow,task,1969,0.1151465965802992,0.23993916917985778,0.5371440494681591,0.4504824784154393
yellow,social,3275,-0.01739354984575332,0.08023490305951332,0.1553786623720944,0.14412213740458016
