dataset,n_frames,ccc,mae,rmse,pearson
noxij,400748,0.6310561825051382,0.062027109272264194,0.08368308884145118,0.6499837556542223
