{
  "mode": "metadata_router",
  "domain": "CR",
  "features": [
    "visual_videomae",
    "audio_w2vbert2",
    "text_xlm_roberta"
  ],
  "metadata_features": [
    "bias",
    "age_z",
    "gender_1",
    "gender_2",
    "gender_unknown"
  ],
  "metadata_path": "/work/ACM/mltac-main/ACM/MoE/moe_data/outputs/participant_metadata.csv",
  "fit_split": "train",
  "optimistic_upper_bound": false,
  "metadata_stats": {
    "age_mean": 6.833333333333333,
    "age_std": 0.8975274678557508
  },
  "metadata_router_epochs": 80,
  "metadata_router_lr": 0.05,
  "metadata_router_weight_decay": 0.0001,
  "metadata_router_max_rows": 200000,
  "fit_loss_by_head": {
    "task": 0.4442443251609802,
    "social": 0.22329334914684296
  },
  "fit_mean_weights_by_head": {
    "task": [
      0.7428716421127319,
      0.1873614490032196,
      0.06803234666585922
    ],
    "social": [
      0.561281144618988,
      0.08049771189689636,
      0.35874679684638977
    ]
  },
  "val_mean_weights_by_head": {
    "task": [
      0.7333406805992126,
      0.2358047366142273,
      0.030854633077979088
    ],
    "social": [
      0.5298053026199341,
      0.12951359152793884,
      0.3406812250614166
    ]
  },
  "coefficients_by_head": {
    "task": [
      [
        0.6615895628929138,
        -0.15788835287094116,
        -0.9159728288650513
      ],
      [
        0.1861642301082611,
        0.642645001411438,
        -0.5252848863601685
      ],
      [
        0.5528055429458618,
        -0.4201815128326416,
        -0.4283159077167511
      ],
      [
        0.5418312549591064,
        0.21120087802410126,
        -0.9549762010574341
      ],
      [
        0.0,
        0.0,
        0.0
      ]
    ],
    "social": [
      [
        0.4431460499763489,
        -0.8420518040657043,
        0.1923617422580719
      ],
      [
        -0.20703326165676117,
        0.9294540286064148,
        -0.3881688416004181
      ],
      [
        0.5044090747833252,
        -0.7365083694458008,
        0.09646514803171158
      ],
      [
        0.18400025367736816,
        -0.4308989644050598,
        0.23445779085159302
      ],
      [
        0.0,
        0.0,
        0.0
      ]
    ]
  },
  "val_mean_kappa": 0.34300232764300637,
  "n_train_rows": 768286,
  "n_val_rows": 82641
}