group,n_frames,ccc,mae,rmse,pearson
overall,577136,0.864244546142661,0.05554431154482577,0.07268366149407406,0.864708804863219
