role,n_frames,mean_gate,std_gate
expert,1285000,0.46268512334122613,0.09630648567636393
novice,1285000,0.7115969800524979,0.08860280863885982
