group,n_frames,ccc,mae,rmse,pearson
overall,651556,0.09409811819000172,0.32737206306267813,0.4673949052227487,0.14387324557963477
