domain,head,n_frames,kappa,macro_f1,weighted_f1,accuracy
CR,task,10718,0.46737681725549257,0.4745268883561341,0.7602327429925738,0.7944579212539653
CR,social,6508,0.0,0.06192207792207792,0.3096103896103896,0.18315918869084205
