group,n_frames,ccc,mae,rmse,pearson
overall,977884,0.8835166159869151,0.06258885447351552,0.0856466466699291,0.8859934593186998
