group,n_frames,ccc,mae,rmse,pearson
overall,977884,0.8950856372652746,0.06178049978824569,0.08228795453554306,0.897909347553847
