domain,head,n_frames,kappa,macro_f1,weighted_f1,accuracy
CR,task,5280,0.6591605738362273,0.46011684362757566,0.8046063136337909,0.8193181818181818
CR,social,1488,0.006382522440948909,0.07215777262180975,0.07540681211486167,0.20900537634408603
