group,n_frames,ccc,mae,rmse,pearson
overall,651556,0.3064108303951527,0.12958099566465325,0.15652851976716525,0.5259338252600735
