role,head,n_frames,kappa,macro_f1,weighted_f1,accuracy
purple,task,18064,0.283272636317007,0.39884514298096785,0.5398648174518278,0.4888175376439327
purple,social,9474,0.2207813051661175,0.24476608286442852,0.7492167951098126,0.7828794595735697
yellow,task,9970,0.12395220601761958,0.25783103002034424,0.46128865517972123,0.39037111334002006
yellow,social,9358,0.2942241009489145,0.30376967850797953,0.7317168574753631,0.7255823893994443
