group,head,n_frames,kappa,macro_f1,weighted_f1,accuracy
overall,task,28034,0.24964992184697646,0.40960462756124194,0.47348788595519403,0.4538060926018406
overall,social,18832,0.263585855119306,0.2839914781302709,0.7415000222193111,0.7544073916737468
