group,n_frames,ccc,mae,rmse,pearson
overall,977884,0.9102412626684704,0.05977714128302071,0.0778551866912297,0.9155617540023014
