domain,head,n_frames,kappa,macro_f1,weighted_f1,accuracy
CC,task,1802737,0.2160824632898315,0.40256269916523973,0.5330994151601975,0.5055268738590266
CC,social,1747932,0.2403004799924684,0.37003867614653957,0.4876277955349325,0.5077325662554378
