role,head,n_frames,kappa,macro_f1,weighted_f1,accuracy
purple,task,900536,0.21365251519268774,0.40412112792410926,0.5462381755870993,0.5217892455160038
purple,social,872790,0.2926197675194305,0.41112580717810976,0.5426425372333471,0.5718110885780084
yellow,task,902201,0.21368334206032566,0.3926467915695012,0.5165625252946079,0.489294514193622
yellow,social,875142,0.18724913287737413,0.31807587420454847,0.4196146275395265,0.4438262590528166
