domain,role,head,n_frames,kappa,macro_f1,weighted_f1,accuracy
CR,purple,task,443357,0.27238730373264997,0.41397362014552286,0.7311930210436176,0.7554950074093789
CR,purple,social,401093,0.11417122831527547,0.25865256784749857,0.6056976334845752,0.6787029442049599
CR,yellow,task,0,nan,nan,nan,nan
CR,yellow,social,0,nan,nan,nan,nan
