group,n_frames,ccc,mae,rmse,pearson
overall,651556,-0.03236257928413264,0.348040605981711,0.43770820166160473,-0.04318974103413821
