domain,head,n_frames,kappa,macro_f1,weighted_f1,accuracy
CC,task,1798576,0.20260627634097286,0.37067978987859207,0.5525085448232122,0.5415017213617884
CC,social,1745742,0.27888106730286166,0.4110574245908028,0.5087083955992986,0.5005407442795098
