role,head,n_frames,kappa,macro_f1,weighted_f1,accuracy
purple,task,895265,0.16381216419094016,0.31076044785124385,0.5302241514918142,0.5470056352029846
purple,social,871507,0.2577085935643122,0.40222670709656566,0.5066119927318024,0.49212800356164665
yellow,task,903311,0.2297424631193594,0.3999032421616483,0.5563211732380762,0.5360468321541529
yellow,social,874235,0.2999454284842388,0.41999687066510616,0.5109743743389291,0.5089272335241668
