domain,role,head,n_frames,kappa,macro_f1,weighted_f1,accuracy
CC,purple,task,890643,0.3338885718209279,0.5271283748391867,0.6018289049764858,0.5817572248364384
CC,purple,social,876752,0.5113280631304489,0.5827871263525096,0.6798192053296381,0.6767808912896691
CC,yellow,task,903011,0.35435499930913905,0.5181797725894068,0.6041608769818616,0.5840449341148668
CC,yellow,social,881301,0.5299803388607314,0.5964508801780134,0.6831698321626729,0.6740148938898288
