domain,head,n_frames,kappa,macro_f1,weighted_f1,accuracy
CC,task,1793654,0.3452823092479033,0.525294312826114,0.6026851416257718,0.5829089668352982
CC,social,1758053,0.5216809354966528,0.5882269230105152,0.6811506887143816,0.6753943140508278
