group,n_frames,ccc,mae,rmse,pearson
overall,977884,0.8478055524012951,0.07115815086838953,0.09260642280018973,0.8618047664487927
