domain,head,n_frames,kappa,macro_f1,weighted_f1,accuracy
CR,task,10718,0.5724429925857407,0.5364970699548787,0.8068936009932668,0.829912297070349
CR,social,6508,0.0,0.0,0.0,0.0
