domain,role,head,n_frames,kappa,macro_f1,weighted_f1,accuracy
CC,purple,task,10555,0.24078646942718013,0.30691161845657955,0.5240449443171304,0.42908574135480815
CC,purple,social,10170,0.19389384642647747,0.24815044901657474,0.3946091188836864,0.37846607669616517
CC,yellow,task,10377,0.21399356613102677,0.37630180169262495,0.5653263658366576,0.4943625325238508
CC,yellow,social,11838,0.1339972318164712,0.24259832110484028,0.27718393896247046,0.3094272681196148
