domain,head,n_frames,kappa,macro_f1,weighted_f1,accuracy
CC,task,20932,0.2499665281740532,0.35864101424915606,0.542730977141314,0.46144658895471047
CC,social,22008,0.15151465957058224,0.2558288018058401,0.32193328150146955,0.34133042529989094
