{
  "mode": "forward_filter",
  "param": "mix=1;strength=12;temp=1;alpha=1",
  "head": "mean",
  "n_frames": 215692,
  "kappa": 0.4294802697017771,
  "macro_f1": 0.4261657484209312,
  "weighted_f1": 0.6282014285828491,
  "accuracy": 0.6497691152198505,
  "n_sequences": 14,
  "n_transitions": 215678,
  "true_flips": 148,
  "pred_flips": 280,
  "true_flip_rate": 0.0006862081436215099,
  "pred_flip_rate": 0.0012982316230677213
}
