domain,head,n_frames,kappa,macro_f1,weighted_f1,accuracy
CC,task,1791474,0.569447343133551,0.6417191447272758,0.759678363853452,0.7442541728208169
CC,social,1748918,0.6144495276806737,0.6665214320150132,0.741658985179406,0.7321532513245332
