role,head,n_frames,kappa,macro_f1,weighted_f1,accuracy
purple,task,887756,0.5213113149519195,0.6055201383508665,0.7359577899122082,0.7123308656883197
purple,social,872203,0.6350770553151263,0.6939700948971192,0.7584903435288937,0.7556612394133018
yellow,task,903718,0.6170814879063893,0.7032573476396726,0.7833790357208147,0.7756136316859905
yellow,social,876715,0.5934722907707879,0.6464310465231945,0.7255554326301632,0.708766246727842
