group,n_frames,ccc,mae,rmse,pearson
overall,21750,-0.07045384230729211,0.5526727738391168,0.6548996327706766,-0.2342293223572167
