group,head,n_frames,kappa,macro_f1,weighted_f1,accuracy
overall,task,16771,0.09823838473969185,0.30642467096685483,0.6281676461571126,0.5710452566931011
overall,social,19818,0.3020499077582605,0.32882117876565603,0.8265318785935732,0.7859521646987587
