domain,role,head,n_frames,kappa,macro_f1,weighted_f1,accuracy
CC,purple,task,5284,0.12247742660868521,0.33346356134724975,0.5086965901453577,0.5420136260408781
CC,purple,social,8887,0.36908154024691353,0.34107191915810764,0.8339004937203902,0.8119725441656352
CC,yellow,task,11487,0.13297811941588908,0.29122276785390483,0.687652999532168,0.5843997562461913
CC,yellow,social,10931,0.25179410627741533,0.3164203535158966,0.8201443173647108,0.7647973652913732
